text,aspect,aspect_context,actual,predicted,confidence
"Great teacher, Helped me care about something that has to do little with my major. She is fun and made the 3 hour block seem like it was nothing! Take her if you can",teacher,made the 3 hour block seem like it was nothing,Positive,Negative,0.8638838141788422
"This teacher is impossible to understand, won't return emails. When she does post things for her online class there are many spelling errors, which makes me wonder if she's even legit. lol She doesn't answer questions, and she's just irritating. If you have the choice, NEVER take any of her classes.",teacher,doesn't answer questions,Negative,Neutral,0.5122986984570573
"I felt this teacher was nice and easy, and he'll drop one test if needed",teacher,drop one test if needed,Positive,Negative,0.6572757489066948
"I loved Exeter, ha I'm probably biased I've only been there but having visited other friends at their unis I felt lucky to go home to Exeter. Its such a nice campus and everyone knows everyone. The city is small b and the night life isn't so good but it does mean that when you're out everyone is there, like one big family.",night life,isn't so good,Negative,Positive,0.5431647718797061
"Took this course as an elective and I really enjoyed it. I didn't really have much science background from high school either but they taught the course really well and there is very little-if anything-you need to clarify beyond the lecture notes. That being said, make sure to take good lecture notes because the words on the slides alone are not enough to easily build a good understanding, at least for me. If you review well before exams and attend class 90 is very doable.",lecture notes,very little-if anything-you need to clarify beyond,Positive,Negative,0.681268257113127
"Took this course as an elective and I really enjoyed it. I didn't really have much science background from high school either but they taught the course really well and there is very little-if anything-you need to clarify beyond the lecture notes. That being said, make sure to take good lecture notes because the words on the slides alone are not enough to easily build a good understanding, at least for me. If you review well before exams and attend class 90 is very doable.",words on the slides,not enough to easily build a good understanding,Negative,Neutral,0.5905229816178504
Took Distributed Development class. Professor was very helpful in answering questions and took an active interest in class discussions. Overall a good survey class that covers a broad array of material. No exams. Weekly projects required just the right amount of effort to learn but not feel overwhelmed.,Weekly projects,not feel overwhelmed,Positive,Neutral,0.4470790204812169
Took Distributed Development class. Professor was very helpful in answering questions and took an active interest in class discussions. Overall a good survey class that covers a broad array of material. No exams. Weekly projects required just the right amount of effort to learn but not feel overwhelmed.,Weekly projects,just the right amount of effort,Positive,Neutral,0.509337630158405
"Not difficult to do well but one would need to pay attention to very minute details that are mentioned in lecture. Skeleton slides are favoured so attend every lecture or get a friend to do so. Exams come from the lectures so pay special attention to them, use the text as a reference if confused about topics.",Skeleton slides,favoured,Positive,Negative,0.5493642614408413
The assignments are so ridiculously hard like I don't understand how this class has an easy rating. NOT as easy course. If you don't understand Excel and have a lame TA- good luck.,course,NOT as easy,Negative,Neutral,0.7681277395872048
"There is something to be said about such a terrible professor. Tests are premature, yet she doesn't seem to mind. She is terrible at explaining any lessons. Expect a lousy power point and minor details on any given subject. WHY WONT THIS WOMAN TEACH US?",Tests,premature,Negative,Positive,0.414815256543079
"Basic calculus course, if you did fine in high school you should be okay. Proofs can be a bit tough but with practice you'll be fine.",Proofs,with practice you'll be fine,Neutral,Positive,0.6922132478304746
"Basic calculus course, if you did fine in high school you should be okay. Proofs can be a bit tough but with practice you'll be fine.",Proofs,a bit tough,Negative,Neutral,0.6019459214982011
"Mathew Powers is the most amazing professor I have ever had. His tests will be the hardest part of the class, but if you pay attention, they are still easy. He makes every day engaging, and he always brings a good attitude with him to class. He is so caring of all of his students, and will literally take time away from his family to meet with them.",Mathew Powers,will literally take time away from his family to meet with them,Positive,Negative,0.6915850319751704
"Mathew Powers is the most amazing professor I have ever had. His tests will be the hardest part of the class, but if you pay attention, they are still easy. He makes every day engaging, and he always brings a good attitude with him to class. He is so caring of all of his students, and will literally take time away from his family to meet with them.",His tests,still easy,Negative,Positive,0.7871021778843366
"Mathew Powers is the most amazing professor I have ever had. His tests will be the hardest part of the class, but if you pay attention, they are still easy. He makes every day engaging, and he always brings a good attitude with him to class. He is so caring of all of his students, and will literally take time away from his family to meet with them.",Mathew Powers,makes every day engaging,Positive,Negative,0.5124808022026102
"Mathew Powers is the most amazing professor I have ever had. His tests will be the hardest part of the class, but if you pay attention, they are still easy. He makes every day engaging, and he always brings a good attitude with him to class. He is so caring of all of his students, and will literally take time away from his family to meet with them.",Mathew Powers,so caring,Positive,Negative,0.46748349264713257
"Expecting this to be a cornerstone of the SE program, I was extremely disappointed by this course. Poorly structured and laid-out as well as scheduled. No body wants to come to an 8 : 30 class when they have 5 classes the same day. Also disliked the wiki approach used to communicate marking schemes/ deadlines/ proposal statuses. Appreciate the flexible deadlines, but in turn this makes it difficult to understand what is expected.",flexible deadlines,makes it difficult to understand what is expected,Positive,Negative,0.6714925225278825
"Lindsey is an extremely friendly and well-organized teacher. He is very understanding and loves to help you out if you are feeling lost. However, this doesn't mean you can slack off. Lots of writing assignments but clear expectations. Great teacher and inspirational man:)",writing assignments,Lots of,Negative,Neutral,0.6122611965620277
Solid foundational course for mechanical and civil engineering. Clear curriculum with logical flow. Bridge project is fun. Could have been made a bit more interesting if it covered more commonly used techniques such as finite element analysis.,course,foundational,Neutral,Positive,0.5384947462057719
Lots of assignments.,assignments,Lots of,Negative,Neutral,0.6093241504995043
"Much easier than Biol 240. I think the breakdown was like 30% Lab which consisted of like a 50% Lab final, and other lab stuff( quizzes, lab reports). 25% midterm and 45% final? I can't remember. Though the content was much easier to memorize and was more straightforward than the Biol 240. The lecture component is easy, but what would brought my mark down was the lab component which should've been easy but I ended up in a section where the TA marked hella hard so it's kinda up to luck.",lab component,kinda up to luck,Neutral,Negative,0.7596979563587638
"Much easier than Biol 240. I think the breakdown was like 30% Lab which consisted of like a 50% Lab final, and other lab stuff( quizzes, lab reports). 25% midterm and 45% final? I can't remember. Though the content was much easier to memorize and was more straightforward than the Biol 240. The lecture component is easy, but what would brought my mark down was the lab component which should've been easy but I ended up in a section where the TA marked hella hard so it's kinda up to luck.",lab component,should've been easy,Neutral,Negative,0.5179746261830481
Easy course. You can learn as much as you want in the supplementary lectures. Use this course to boost your GPA!,this course,boost your GPA,Positive,Negative,0.4397344922918141
"This course was really interesting, but it was very easy to fall behind. Also, the assignments required some basic programming knowledge, so if you haven't taken any CS classes in a while, be sure to review beforehand. The midterms and final were definitely fair, but some of the questions may catch you off guard if you didn't study enough.",This course,very easy to fall behind,Negative,Positive,0.47692661737665343
"Its tragic this is an antreq with SYDE 522 cause it is nothing like it. 2/ 3 of the "" AI "" methods taught in this course are archaic and pretty much useless, so much so that the professor feels like he needs to validate why we are learning the content every other week. The assignments weren't hard but usually very tedious. You could spend 10 hours on one of the 5% assignments for your entire grad be determined by a 1 hour 30% midterm or 50% final.",SYDE 522,nothing like,Neutral,Negative,0.48610560794998375
"Its tragic this is an antreq with SYDE 522 cause it is nothing like it. 2/ 3 of the "" AI "" methods taught in this course are archaic and pretty much useless, so much so that the professor feels like he needs to validate why we are learning the content every other week. The assignments weren't hard but usually very tedious. You could spend 10 hours on one of the 5% assignments for your entire grad be determined by a 1 hour 30% midterm or 50% final.",assignments,weren't hard,Neutral,Negative,0.6308918782121632
"I took Chem 139 as an online class and really enjoyed her teaching style; everything is laid out very clearly, she allows you to pretty much go at your own pace, and her lectures are easy to follow. There's also a ton of opportunities for extra credit and you don't have to buy a textbook. It's an easy A if you put in the work.",textbook,you don't have to buy,Positive,Neutral,0.9261462993093662
"I cannot say enough about Rios. Best prof I have ever had and I will remember him for the rest of my life. He changed my idea of sociology, and I've never looked forward to going to lecture so much. He's is amazing. So smart, inspirational and just a stand-up guy.",Rios,changed my idea of sociology,Positive,Negative,0.47968431466749234
"I cannot say enough about Rios. Best prof I have ever had and I will remember him for the rest of my life. He changed my idea of sociology, and I've never looked forward to going to lecture so much. He's is amazing. So smart, inspirational and just a stand-up guy.",Rios,I've never looked forward to going to lecture so much,Positive,Negative,0.49859026903399517
He is not helpful at all and makes fun of students when they ask questions. Very rude!!!,He,makes fun of students,Negative,Positive,0.5747438303387054
"Wanna hear him talk to himself as he repeats the same word enough times to make you sick of it for 75 minutes straight? No? Well too bad cause that's how he does things. If you do not understand things from the get-go, you'll have a hard time in his class. Lectures are painful and his tests look more like English tests than a Stat test.",his tests,look more like English tests than a Stat test,Negative,Neutral,0.35465854407266145
"Go to the open labs!! A lot of the TAs aren't the greatest so it's important you go to the open labs where the TAs are amazing and you learn the whole experiment no problem. It's very possible to ge all of these experiments ad reports done within a hour and a half to two hours. Reports are super easy( actually write everything before hand if you can). No final, so easy 90 +",open labs,Go to,Positive,Neutral,0.44903020797529214
The course is easy. Show up for class for examples. MyMathLab is used& is helpful to get extra help if you can't meet with James. You are supposed to do book assignments every week but he never collects them by surprise. He lets you know in advanced when and what assignments he's collecting. Easy quizzes each week. And easy tests.,he,never collects them by surprise,Positive,Negative,0.5673698875862155
Great instructor! I am currently taking her intro to chem. Things do go pretty quick but she has a curriculum to follow. She is always willing to explain and is available when needed. The material is not easy. Studying is MANDATORY. Workload is decent.,instructor,has a curriculum to follow,Positive,Negative,0.4474593290239086
Great instructor! I am currently taking her intro to chem. Things do go pretty quick but she has a curriculum to follow. She is always willing to explain and is available when needed. The material is not easy. Studying is MANDATORY. Workload is decent.,material,not easy,Negative,Neutral,0.5130982942324366
Great instructor! I am currently taking her intro to chem. Things do go pretty quick but she has a curriculum to follow. She is always willing to explain and is available when needed. The material is not easy. Studying is MANDATORY. Workload is decent.,Studying,MANDATORY,Neutral,Negative,0.4424398134907174
Great instructor! I am currently taking her intro to chem. Things do go pretty quick but she has a curriculum to follow. She is always willing to explain and is available when needed. The material is not easy. Studying is MANDATORY. Workload is decent.,Workload,decent,Neutral,Positive,0.4354043596491714
She is the worst teacher ever... Her exams are essay all written and even if you miss a single word on the essay she cuts of 6 points in the essay. Don't take her if you want an A. Her notes are useless you have to read the book to understand what she writes because her notes are very unclear. And on top of everything else she gives you attitude.,Her exams,essay all written,Neutral,Negative,0.4787790356211263
She is the worst teacher ever... Her exams are essay all written and even if you miss a single word on the essay she cuts of 6 points in the essay. Don't take her if you want an A. Her notes are useless you have to read the book to understand what she writes because her notes are very unclear. And on top of everything else she gives you attitude.,teacher,gives you attitude,Negative,Positive,0.6866125665274302
"Took it with Gurfinkel and was not expecting to be doing so much theory for a"" bird"" course. Guess the course description is really up to interpretation by the prof teaching it. We only talked about actual unit testing for a few weeks, then got into symbolic execution, propositional/ first order logic, Hoare logic( CS 245 anyone??), and deductive verification( at least this was slightly enjoyable). 3 assignments, 2 open book quizzes. Final was also open book, but very long and many people didn't finish.",course,not expecting to be doing so much theory,Negative,Neutral,0.5797523007001217
"Took it with Gurfinkel and was not expecting to be doing so much theory for a"" bird"" course. Guess the course description is really up to interpretation by the prof teaching it. We only talked about actual unit testing for a few weeks, then got into symbolic execution, propositional/ first order logic, Hoare logic( CS 245 anyone??), and deductive verification( at least this was slightly enjoyable). 3 assignments, 2 open book quizzes. Final was also open book, but very long and many people didn't finish.",course description,really up to interpretation,Neutral,Negative,0.7016294271977856
"Took it with Gurfinkel and was not expecting to be doing so much theory for a"" bird"" course. Guess the course description is really up to interpretation by the prof teaching it. We only talked about actual unit testing for a few weeks, then got into symbolic execution, propositional/ first order logic, Hoare logic( CS 245 anyone??), and deductive verification( at least this was slightly enjoyable). 3 assignments, 2 open book quizzes. Final was also open book, but very long and many people didn't finish.",Final,many people didn't finish,Negative,Neutral,0.49111139104468476
"Professor Freedman is a great teacher! I really enjoyed this class and as long as you all the work in, you'll enjoy it too. Make sure you read her emails frequently because she sends a lot of those and you don't want to miss out on something important and be the only person in class who didn't get the memo. Make sure you follow her speech format.",her emails,a lot of those,Neutral,Negative,0.7644044237375663
"Really great teacher. You either know it or you dont kind of class. Raw humor, pretty funny guy",teacher,Raw humor,Neutral,Positive,0.47729864870149286
"Incredible campus, such a beautiful working environment! Student Guild staff are generally very helpful, certain members are especially. The university itself is a mixed bag- certain professors are exceptionally passionate , dedicated and considerate to their students, whereas others are clearly more concerned with their own ego than the welfare and progression of their students. The overall feel of the university is extremely bureaucratic and gives the impression that it’s primary focus is to be ran as a business for making money and boosting the reputation of its senior staff members and not the students under its care.",university,a mixed bag,Neutral,Positive,0.45698288335995624
"Incredible campus, such a beautiful working environment! Student Guild staff are generally very helpful, certain members are especially. The university itself is a mixed bag- certain professors are exceptionally passionate , dedicated and considerate to their students, whereas others are clearly more concerned with their own ego than the welfare and progression of their students. The overall feel of the university is extremely bureaucratic and gives the impression that it’s primary focus is to be ran as a business for making money and boosting the reputation of its senior staff members and not the students under its care.",certain professors,clearly more concerned with their own ego,Negative,Positive,0.5300961283249458
"Incredible campus, such a beautiful working environment! Student Guild staff are generally very helpful, certain members are especially. The university itself is a mixed bag- certain professors are exceptionally passionate , dedicated and considerate to their students, whereas others are clearly more concerned with their own ego than the welfare and progression of their students. The overall feel of the university is extremely bureaucratic and gives the impression that it’s primary focus is to be ran as a business for making money and boosting the reputation of its senior staff members and not the students under its care.",overall feel of the university,extremely bureaucratic,Negative,Positive,0.6550209718448743
"Prof tr \ xc3 \ xa8s humaine, juste est tr \ xc3 \ xa8s compr \ xc3 \ xa9hensif. Ses examen sont le reflet de ce qu'on apprend. Pas de surprise. Je recommande fortement.",Prof,juste,Positive,Negative,0.5692566135531822
"Prof tr \ xc3 \ xa8s humaine, juste est tr \ xc3 \ xa8s compr \ xc3 \ xa9hensif. Ses examen sont le reflet de ce qu'on apprend. Pas de surprise. Je recommande fortement.",Prof,tr \ xc3 \ xa8s compr \ xc3 \ xa9hensif,Positive,Negative,0.4904882917435585
"One of the highest marks I've had in the last four years. There were a lot of bonus marks and extra questions to keep marks high. The work is actually tough, but it's a good kind of tough if you like proofs. The assignments are pretty manageable if you start early.",marks,highest,Positive,Negative,0.44727972547850103
"One of the highest marks I've had in the last four years. There were a lot of bonus marks and extra questions to keep marks high. The work is actually tough, but it's a good kind of tough if you like proofs. The assignments are pretty manageable if you start early.",work,tough,Neutral,Negative,0.980694716706969
"One of the highest marks I've had in the last four years. There were a lot of bonus marks and extra questions to keep marks high. The work is actually tough, but it's a good kind of tough if you like proofs. The assignments are pretty manageable if you start early.",work,good kind of tough,Positive,Negative,0.6139652885050787
"I can see the course being useful for other students, however I don't see the application to my daily life personally. I disliked this course strongly, due to my struggle with math and economic concepts, and was unfortunately required to take this course. Would not have taken it otherwise.",course,useful for other students,Negative,Positive,0.768766253043938
"I can see the course being useful for other students, however I don't see the application to my daily life personally. I disliked this course strongly, due to my struggle with math and economic concepts, and was unfortunately required to take this course. Would not have taken it otherwise.",course,don't see the application to my daily life,Negative,Neutral,0.4610318153907104
"Loved having Ms. Harrington this fall semester. She truly cared about the student success and pushed us in the class to do our very best no matter what. Her lectures were genuine and from the heart. This was not only just by helping us learn and understand the work given, but also by talking to us about real life situations. Wonderful professor.",Ms. Harrington,pushed us in the class to do our very best no matter what,Positive,Negative,0.4929278491331155
"Loved having Ms. Harrington this fall semester. She truly cared about the student success and pushed us in the class to do our very best no matter what. Her lectures were genuine and from the heart. This was not only just by helping us learn and understand the work given, but also by talking to us about real life situations. Wonderful professor.",Ms. Harrington,pushed us in the class to do our very best no matter what,Positive,Negative,0.4929278491331155
"Loved having Ms. Harrington this fall semester. She truly cared about the student success and pushed us in the class to do our very best no matter what. Her lectures were genuine and from the heart. This was not only just by helping us learn and understand the work given, but also by talking to us about real life situations. Wonderful professor.",Ms. Harrington,talking to us about real life situations,Positive,Negative,0.5141654578150634
some memorization required for the midterm,midterm,some memorization required,Neutral,Negative,0.49815026450437033
"Professor Bozin is a real cool guy once you get in his class and know him a bit. funny person overall and cares about his students and their success. the class is no fluff off however you must really work your rear end off to get a reasonable grade in this class. Tests are HARD and sometimes can be confusing. Overall , I would take him again!",class,no fluff off,Neutral,Negative,0.8659016993408714
"Professor Bozin is a real cool guy once you get in his class and know him a bit. funny person overall and cares about his students and their success. the class is no fluff off however you must really work your rear end off to get a reasonable grade in this class. Tests are HARD and sometimes can be confusing. Overall , I would take him again!",get a reasonable grade,you must really work your rear end off,Neutral,Positive,0.42837611172716183
Love Love Love her. She makes sociology interesting and I cannot wait to take the other course The Family that she teaches. She is extremely helpful and I would most def recommend her!!!,the other course The Family that she teaches,cannot wait to take,Positive,Negative,0.6433635376831361
"Bob is a very intelligent , respectable professor. Though this class was interesting, most of the information isn't useful unless you plan to be a mineralogist. The necessity of sheer memorization for parts of the exams is disappointing. Be sure to learn how to do the problems a few days before the exam, because there aren't examples in the notes.",the notes,aren't examples,Neutral,Negative,0.6750496173266847
"You kind of get the basic knowledge of environmental problems, economics, governance, ecology etc. but it's not a very exciting class. There is no midterm so your grade is based off of a term paper and the final exam which is worth 60%.",class,get the basic knowledge,Neutral,Positive,0.5356304813700058
"I really enjoyed this course, Elena is a sweetheart and makes the class really engaging. The content was very interesting and the case studies and assignments were fair. Definitely need the textbook.",the textbook,Definitely need,Positive,Neutral,0.6945984902632669
"It’s difficult for me to rate the aspects of the university because due to COVID I haven’t spent a lot of time on campus. As far as I can tell so far the societies are diverse and communicate with freshers very well. Same with the careers service- revaluation emails for student jobs etc. I haven’t personally heard a lot from students union or what they’re up to, but they handled issues with grading due to covid very well.",students union,haven’t personally heard a lot from,Neutral,Negative,0.6290355635121699
"It’s difficult for me to rate the aspects of the university because due to COVID I haven’t spent a lot of time on campus. As far as I can tell so far the societies are diverse and communicate with freshers very well. Same with the careers service- revaluation emails for student jobs etc. I haven’t personally heard a lot from students union or what they’re up to, but they handled issues with grading due to covid very well.",students union,handled issues with grading due to covid very well,Positive,Negative,0.5196244185932417
This guy is horrible... i have been to his class once and already considering dropping... He gives aweful directions on his assignements and when you ask for help he tells you to re-read the assignment sheet... He emailed my assignment back telling me I did it wrong but sent it back with no feedback only stating that i did it wrong...,He,gives aweful directions on his assignements,Negative,Positive,0.4535295068269426
This guy is horrible... i have been to his class once and already considering dropping... He gives aweful directions on his assignements and when you ask for help he tells you to re-read the assignment sheet... He emailed my assignment back telling me I did it wrong but sent it back with no feedback only stating that i did it wrong...,he,tells you to re-read the assignment sheet,Negative,Positive,0.4489667545007374
Being Taught by a new prof who just graduated from UW. This course teaches you advanced calculus skills. You need to be really good at imagining 3-dimensional curves / surfaces to figure out what is going( Particularly for path/ surface/ volume integrals). The course notes are really helpful.,figure out what is going,You need to be really good at imagining 3-dimensional curves / surfaces,Neutral,Positive,0.67749050601274
"Just a lot of guest speakers, not particularly exciting. If you like learning about resources the school as to offer and tips for things like studying and exam taking, you might enjoy this class as it is useful for that type of thing.",guest speakers,not particularly exciting,Negative,Neutral,0.6149874676487581
"This course in concept is very useful, however there is a great focus on language specific knowledge as well as memorization for exams. Would not recommend this course, take some online course instead.",This course,in concept is very useful,Negative,Positive,0.628204672137259
"This course in concept is very useful, however there is a great focus on language specific knowledge as well as memorization for exams. Would not recommend this course, take some online course instead.",memorization,however there is a great focus on,Negative,Neutral,0.8417287281872109
"This course in concept is very useful, however there is a great focus on language specific knowledge as well as memorization for exams. Would not recommend this course, take some online course instead.",language specific knowledge,however there is a great focus on,Negative,Neutral,0.7366090142600747
"As other say, stay away from this prof. He's not helpful at all. When your in the class your on your own. if you want to maintain your Grade do not take this prof.",class,your on your own,Negative,Neutral,0.4845468097449553
She is very out there but she provides worksheets and help when you ask for it. She does not have good control of the class though and some students tend to take advantage of that.,She,very out there,Neutral,Negative,0.4847232038376906
She is very out there but she provides worksheets and help when you ask for it. She does not have good control of the class though and some students tend to take advantage of that.,control of the class,does not have good,Negative,Neutral,0.6153381458549089
I gotta say I truly only stayed in her class cuz she is pretty hot for a teacher. MAterial isnt too hard slightly tricky but she is helpful. I think she curves. Goes over the material in an interactive manner and has facebook so look her up.,MAterial,slightly tricky,Neutral,Negative,0.6915876748692182
I gotta say I truly only stayed in her class cuz she is pretty hot for a teacher. MAterial isnt too hard slightly tricky but she is helpful. I think she curves. Goes over the material in an interactive manner and has facebook so look her up.,MAterial,isnt too hard,Positive,Neutral,0.7928514223795966
I gotta say I truly only stayed in her class cuz she is pretty hot for a teacher. MAterial isnt too hard slightly tricky but she is helpful. I think she curves. Goes over the material in an interactive manner and has facebook so look her up.,teacher,curves,Neutral,Positive,0.8163543361080688
Yet another one from Stenberg.... keep very low expectations. Expect this prof. to be an extremely hard marker. Don't expect a rational.,Stenberg,Don't expect a rational,Negative,Neutral,0.6945201221744014
"Quite a tedious course, but could be useful.",course,could be useful,Positive,Negative,0.4171195085713464
Great Professor. Expect a lot of reading and homework assignments. Gives quizzes every single week. This class requires a lot of work but overall the class is very interesting and fun. Take him he is great.,reading and homework assignments,a lot of,Negative,Neutral,0.44778875464445794
Great Professor. Expect a lot of reading and homework assignments. Gives quizzes every single week. This class requires a lot of work but overall the class is very interesting and fun. Take him he is great.,work,requires a lot,Neutral,Negative,0.578071717744714
"Lots of readings, Weekly Quizzes on multiple chapters, Few assignments, Tough Grader. You either do really good or really bad in her class. No tests, one big group project and one final quiz.",readings,Lots of,Negative,Neutral,0.4927171003733688
"Lots of readings, Weekly Quizzes on multiple chapters, Few assignments, Tough Grader. You either do really good or really bad in her class. No tests, one big group project and one final quiz.",her class,You either do really good or really bad,Neutral,Positive,0.6828895189839372
"Took this class online so I didn't have any direct contact. However he didn't just leave us to it, he was actively grading and providing feedback. Very clear goals for the course.",he,didn't just leave us to it,Positive,Negative,0.8424359709484615
Becky was an excellent teacher. Very interested in the material she taught. Positive and humble. She really wants her students to succeed and that's a trait in professors that is hard to come by these days. Her tests do not stray from what she teaches you. I will be taking her again for other classes in the future.,trait,hard to come by,Positive,Negative,0.8619519068323512
Becky was an excellent teacher. Very interested in the material she taught. Positive and humble. She really wants her students to succeed and that's a trait in professors that is hard to come by these days. Her tests do not stray from what she teaches you. I will be taking her again for other classes in the future.,Her tests,do not stray from what she teaches you,Positive,Negative,0.8862860894474746
"Fitch is a very intelligent man, would I take again ? No. His lectures are FASCINATING but they rarely pertain to the what we need to know. Lecture tests are VERY hard. Doesn't tell you what to know for tests, which is stressful for labs. Gives pop quizzes the day after starting new material. Have perfect attendance if you want a shot at xtra credit",Fitch,very intelligent man,Negative,Positive,0.840311311246467
"The material COULD be interesting. The course was one of the most horribly taught I've ever seen. I went from a 59 to an 80 on the midterm after being remarked. We were literally NOT TAUGHT something on the midterm. Just try not to fail, because then you'll have to do it again.",material,COULD be interesting,Neutral,Positive,0.6146050743932572
"Easy, but NOT as easy as I wanted it to be... The first couple weeks was fine, but then it just got worse. If you take it online, you have to read all the modules on LEARN and memorize the content. It was pretty challenging, but fun. If you hate computers, you'll hate this course. But if you're curious about computers, take it!",this course,you'll hate,Negative,Neutral,0.4430968754455346
A nice bird course if you're into learning a new language. I wouldn't advise going past 102 unless you're genuinely looking to learn Japanese. It would be too much trouble learning Kanji. If you had trouble memorizing the kana then have fun in 201.,201,have fun,Neutral,Positive,0.5769549389182144
University of Exeter has met expectations I did not even have before. Half of the lecturers for my course( Sports and Exercise Medical Science) were very knowledgable. The St Luke and Streatham campuses are not too far from the city centre. I enjoyed the societies( Muay Thai and Jiu-Jitsu). They allowed me to meet people from different backgrounds. My only complaint is the University Community Mental Health Team. I had 5 sessions with them for my Mixed Anxiety and Depressive Disorder. It was very unhelpful as the nurse was always unprepared and seemingly inattentive.,University of Exeter,met expectations I did not even have before,Positive,Negative,0.4979014676703134
University of Exeter has met expectations I did not even have before. Half of the lecturers for my course( Sports and Exercise Medical Science) were very knowledgable. The St Luke and Streatham campuses are not too far from the city centre. I enjoyed the societies( Muay Thai and Jiu-Jitsu). They allowed me to meet people from different backgrounds. My only complaint is the University Community Mental Health Team. I had 5 sessions with them for my Mixed Anxiety and Depressive Disorder. It was very unhelpful as the nurse was always unprepared and seemingly inattentive.,University Community Mental Health Team,complaint,Negative,Positive,0.6036341686137305
He is my favorite professor! He really knows the material and knows how to deliver it well for students to understand. He cares about his students and does not give a lot of homework at all. He gives long PowerPoint lectures but he keeps you interested. Definitely recommend to take him!,professor,gives long PowerPoint lectures,Neutral,Negative,0.6425910269395164
He is my favorite professor! He really knows the material and knows how to deliver it well for students to understand. He cares about his students and does not give a lot of homework at all. He gives long PowerPoint lectures but he keeps you interested. Definitely recommend to take him!,professor,does not give a lot of homework,Positive,Negative,0.7478666217149701
"Assignments are really difficult that you have to spend a lot of time trying to think of a solution, I don't think worth doing that way anyway. Tests are just variants of the assignments so just copy the assignment's solutions again and again before the midterm or final then you will be really fine.",Tests,you will be really fine,Neutral,Positive,0.7963149610076002
"A very wishy-washy course, with all the problems of SE 463. Assignments aren't terribly helpful in building understanding, but the in-class "" quizzes "" are very similar to exam questions, so they are usually worth going over.",Assignments,aren't terribly helpful,Negative,Neutral,0.5489828495220945
"A very wishy-washy course, with all the problems of SE 463. Assignments aren't terribly helpful in building understanding, but the in-class "" quizzes "" are very similar to exam questions, so they are usually worth going over.","in-class "" quizzes """,worth going over,Positive,Negative,0.37496396392090897
"Did not know what I was getting into when I signed up for his class. Don't take this professor unless you know this course will be the ONLY class you're taking that semester. I repeat DO NOT take this professor. Yes he curves at the end, but who wants to rely on a curve ????!!! His class made my life hell! I have never worked so hard in my life!",His class,made my life hell,Negative,Positive,0.7925264702753957
"Honestly, only great things can be said about her. She is truly interested in the subject which is one of the best things, but she is also a very fair grader. You will learn a lot and she makes is very interesting and fun. Nevertheless take the class seriously she will not just handout As, but at the same time it is very possible to get one.",she,will not just handout As,Neutral,Negative,0.47982680537490774
"As long as you are willing to put in( even minimal) effort, you'll make it in this class. She's a killer on grammar in papers, but grades fair and makes you work for the A. But if you're not one for participating in class, don't take Bart, because she's pretty insistent on making sure everyone readsunderstands the material in the discussions.",Bart,pretty insistent on making sure everyone readsunderstands the material,Neutral,Positive,0.7451122556434376
Vaughn is a really good prof. He is actually interested in helping you pass and learn the stuff. He speaks clearly and his quiz are fair and the format is easy although you actually have to read the book because some of the questions come out of left field. I really liked him and I will be taking more classes with him and I recommend him to any one,Vaughn,speaks clearly,Positive,Negative,0.5397738929110383
"Although the assignments weren't too hard, be prepared for a very time-consuming course-load.",assignments,weren't too hard,Positive,Neutral,0.5543937829011742
You need the book so this course can become easy. 1/3 of the questions are from the book so it is a must. Class avg is 77% for the 2nd midterm,book,it is a must,Positive,Neutral,0.8956319414863386
"The penryn campus and some departments are a lot worse at dealing with racist issues, also the SU did basically nothing for BHM. The Exeter& Falmouth ACS protested against their own SU and their President had to write a statement addressing the issues. Overall, if your black the chances of you experiencing racism is very high in Cornwall, particularly the Exeter Penryn campus. And when you report it the procedures in place suck.",chances of you experiencing racism,very high,Negative,Positive,0.6036763648758112
Without a doubt the most useless course I have ever taken in my entire life. It is not a bird course- you will have to work hard but will not receive a reward for your efforts.,course-,not a bird,Neutral,Negative,0.4933967336621385
"Jessica is a great professor. I was never interested in art, and after this class.. let's just say I have a new hobby. She is fun and energetic, you will never be bored in her class. I am not an art-sy person and I ended up getting an A because she just wants you to really try do the projects and always be there. Oh, and we didn't use a book!",this class,I have a new hobby,Positive,Neutral,0.5477954488029663
"Jessica is a great professor. I was never interested in art, and after this class.. let's just say I have a new hobby. She is fun and energetic, you will never be bored in her class. I am not an art-sy person and I ended up getting an A because she just wants you to really try do the projects and always be there. Oh, and we didn't use a book!",her class,never be bored,Positive,Negative,0.8310290535181054
"Bit few study spaces, sometimes get the impression that the uni doesn’t really care about its students , nor its staff. Module choice is alright , but nothing extraordinary. If you decide to study politics/ IR, be prepared for a lack of support, teaching about methods and that everything happens really late. It’s a green campus campus, the library is a bit sad but are other options on campus once you find them. The 2 pound meal is a plus. Be prepared for the hill and high rent.",uni,everything happens really late,Negative,Positive,0.6497120237576974
"Bit few study spaces, sometimes get the impression that the uni doesn’t really care about its students , nor its staff. Module choice is alright , but nothing extraordinary. If you decide to study politics/ IR, be prepared for a lack of support, teaching about methods and that everything happens really late. It’s a green campus campus, the library is a bit sad but are other options on campus once you find them. The 2 pound meal is a plus. Be prepared for the hill and high rent.",uni,"doesn’t really care about its students , nor its staff",Negative,Positive,0.7233857883713986
"Bit few study spaces, sometimes get the impression that the uni doesn’t really care about its students , nor its staff. Module choice is alright , but nothing extraordinary. If you decide to study politics/ IR, be prepared for a lack of support, teaching about methods and that everything happens really late. It’s a green campus campus, the library is a bit sad but are other options on campus once you find them. The 2 pound meal is a plus. Be prepared for the hill and high rent.",2 pound meal,a plus,Positive,Negative,0.45573548752516935
"Bit few study spaces, sometimes get the impression that the uni doesn’t really care about its students , nor its staff. Module choice is alright , but nothing extraordinary. If you decide to study politics/ IR, be prepared for a lack of support, teaching about methods and that everything happens really late. It’s a green campus campus, the library is a bit sad but are other options on campus once you find them. The 2 pound meal is a plus. Be prepared for the hill and high rent.",the hill,Be prepared for,Negative,Neutral,0.5293115450967717
"Bit few study spaces, sometimes get the impression that the uni doesn’t really care about its students , nor its staff. Module choice is alright , but nothing extraordinary. If you decide to study politics/ IR, be prepared for a lack of support, teaching about methods and that everything happens really late. It’s a green campus campus, the library is a bit sad but are other options on campus once you find them. The 2 pound meal is a plus. Be prepared for the hill and high rent.",rent,high,Negative,Positive,0.41724030850878024
GET READY CAUSE THIS COURSE SEEMS EASY BUT IS NOT !!!! GREAT PROFESSOR,THIS COURSE,SEEMS EASY BUT IS NOT !!!!,Negative,Neutral,0.9474406446294215
"Lectures were very straightforward and easy to understand. He does use clickers for participation and quizzes. Students are given a study guide and are allowed to use a page of hand written notes on his tests. If you just go over the study guide, you won't need the page of notes. I felt that using the page of notes didn't help me much on tests",page of notes,didn't help me much on tests,Neutral,Negative,0.8853025585131844
"Prof Cohen is the only teacher/ professor who has ever made influenced my writing. Her class was tough, but I feel much more capable as a writer than I had ever imagined. Your writing will get wrung out, but the ultimate product is incredible. I wish I could take more classes with her.",Prof Cohen,influenced my writing,Positive,Negative,0.4634271319693357
"Prof Cohen is the only teacher/ professor who has ever made influenced my writing. Her class was tough, but I feel much more capable as a writer than I had ever imagined. Your writing will get wrung out, but the ultimate product is incredible. I wish I could take more classes with her.",Her class,I feel much more capable as a writer,Positive,Negative,0.4177711780543494
"Everything before assemblies and memory was incredibly easy to understand and follow. So easy that our professor got super salty because the marks were too high and explicitly stated that he would"" take extra precautions"" when making the final. He ended up making like 10 versions of the final, each one with varying levels of question difficulty. Really did not enjoy the course after midterms.",professor,got super salty,Neutral,Positive,0.6738213043866946
"Everything before assemblies and memory was incredibly easy to understand and follow. So easy that our professor got super salty because the marks were too high and explicitly stated that he would"" take extra precautions"" when making the final. He ended up making like 10 versions of the final, each one with varying levels of question difficulty. Really did not enjoy the course after midterms.",final,10 versions,Negative,Neutral,0.36638739352352323
"Everything before assemblies and memory was incredibly easy to understand and follow. So easy that our professor got super salty because the marks were too high and explicitly stated that he would"" take extra precautions"" when making the final. He ended up making like 10 versions of the final, each one with varying levels of question difficulty. Really did not enjoy the course after midterms.",final,varying levels of question difficulty,Negative,Neutral,0.7492975431024836
"University is good, there could be more and diverse eating options, student guild and facilities are great. But university is huge and locating certain buildings can be bit challenging as it’s a hilly campus.",university,huge,Neutral,Positive,0.655216036275388
"University is good, there could be more and diverse eating options, student guild and facilities are great. But university is huge and locating certain buildings can be bit challenging as it’s a hilly campus.",locating certain buildings,bit challenging,Negative,Neutral,0.6985858150585973
"University is good, there could be more and diverse eating options, student guild and facilities are great. But university is huge and locating certain buildings can be bit challenging as it’s a hilly campus.",campus,hilly,Neutral,Positive,0.6822798857462955
"University is good, there could be more and diverse eating options, student guild and facilities are great. But university is huge and locating certain buildings can be bit challenging as it’s a hilly campus.",campus,huge,Neutral,Positive,0.6144719659021323
Very straight forward class but by no means an easy A. HEAVY on notes but she never asks anything on tests or quizzes that wasn't specifically in the notes. Class is 4 tests which are 80 multiple choice and 2 essay each. Questions on final are copied and pasted directly from first 4 tests. Doesn't take attendance but you WILL fail if you miss class,she,HEAVY on notes,Neutral,Negative,0.8783923738836645
Very straight forward class but by no means an easy A. HEAVY on notes but she never asks anything on tests or quizzes that wasn't specifically in the notes. Class is 4 tests which are 80 multiple choice and 2 essay each. Questions on final are copied and pasted directly from first 4 tests. Doesn't take attendance but you WILL fail if you miss class,she,never asks anything on tests or quizzes that wasn't specifically in the notes,Positive,Negative,0.8709240693610802
Very straight forward class but by no means an easy A. HEAVY on notes but she never asks anything on tests or quizzes that wasn't specifically in the notes. Class is 4 tests which are 80 multiple choice and 2 essay each. Questions on final are copied and pasted directly from first 4 tests. Doesn't take attendance but you WILL fail if you miss class,class,you WILL fail if you miss,Negative,Positive,0.5866615320433514
"Wasn't the easiest course, programming with MIPS takes some getting used to. Concepts aren't hard in general.",course,Wasn't the easiest,Negative,Neutral,0.9088761718106422
"Wasn't the easiest course, programming with MIPS takes some getting used to. Concepts aren't hard in general.",Concepts,aren't hard in general,Positive,Neutral,0.9536983527235136
"The comments are true- Simon Wood is an amazing prof!! Definitely grew an appreciation for movie music after taking this course; had no idea music could have such a huge impact on every aspect of movies before. Course was made up of 4 non-cumulative tests. Took it online with pre-recorded lectures posted weekly. Even my friends/ family who weren't taking the course enjoyed listening to his lectures, with many describing it as a podcast! Definitely recommend!!",his lectures,many describing it as a podcast,Positive,Negative,0.6050076543500319
"Every week, your mind will be blown due to how insane some of the proofs become.",some of the proofs,insane,Neutral,Negative,0.782680032004983
"AVOID !! Terrible prof. Makes countless mistakes on notes, study sheets, and EXAMS. Thinks it's funny when he has to to correct his errors during exam. Makes it very stressful! Definitely should NOT be teaching and I'm filing a complaint. Take 210 with another prof.",mistakes,Thinks it's funny,Negative,Positive,0.5231127060794714
"AVOID !! Terrible prof. Makes countless mistakes on notes, study sheets, and EXAMS. Thinks it's funny when he has to to correct his errors during exam. Makes it very stressful! Definitely should NOT be teaching and I'm filing a complaint. Take 210 with another prof.",prof,Take 210 with another,Negative,Positive,0.4637480883611928
"This professor is a lot of fun. She's so funny! BUT there is A LOT of material to cover& she moves FAST. You can't screw off. Her tests are from her lectures so PRINT her online lecture notes and fill them in during lectures. Review notes daily. Use the book only as needed. Her exams are fill in the blank, so STUDY LECTURE NOTES well.",material,A LOT,Negative,Neutral,0.6374612588330315
"If you like low-level stuff, this course is pretty baller. Unfortunately, SE2020 had their labs completely botched, which is a major aspect of the course( building an OS from scratch)",this course,pretty baller,Positive,Negative,0.613452172718322
"The topics were interesting but I think they were very outdated. Large portion of the course was spent on traditional AI techniques such as A* search algorithm, constraint satisfaction, and rational reasoning, which aren't very useful. There was little focus on machine learning. The assignments were also not very useful, but they could depend on the the term. It does give an overview of AI so it's worth taking",traditional AI techniques,aren't very useful,Negative,Neutral,0.5767337422695538
"Made lecture fun to go to, only fell asleep like once. The readings are super hard. If you think you can just read and then skip lecture you are wrong. He gives clear notes in class if you write down everything he says you'll be fine. He tends to curve exams by about 15-20 points, I uaually got extra credit on them. 3 Discussion posts weekly",exams,tends to curve,Positive,Neutral,0.635824197809534
"Awful prof, gives no leniency when it comes to catching up on missed work. Even when you tell her at the start of the course that you will be away, she refuses to acknowledge honesty and only wants a doctor's note. Slides aren't detailed and she speaks too fast to write decent notes. Her inclass assignments teach little about the content.",Slides,aren't detailed,Negative,Neutral,0.7274511294789141
"I enjoyed this course! Pretty interesting in my opinion, and not at all that difficult.",this course,not at all that difficult,Positive,Negative,0.7886724801994234
The material in this course comes up again in SE 380.,material in this course,comes up again in SE 380,Neutral,Negative,0.548203185506769
A really fun course. Also lets you see how non-STEM research works if you have not been exposed.,course,lets you see how non-STEM research works,Neutral,Positive,0.570215878000147
"I would have liked to see a Physics based section similar to MATH 137P& 138P. That being said the course covered exactly as mentioned in the above description( in that order). Assignments and quizzes alternated every week. The quizzes are a bit easier but you have less time and you're more likely to make a mistake. Not too difficult in the end if you go to all the lectures and understand the material. Not many applications, just straight up Calculus.",course,Not many applications,Negative,Neutral,0.799883459092166
"I would have liked to see a Physics based section similar to MATH 137P& 138P. That being said the course covered exactly as mentioned in the above description( in that order). Assignments and quizzes alternated every week. The quizzes are a bit easier but you have less time and you're more likely to make a mistake. Not too difficult in the end if you go to all the lectures and understand the material. Not many applications, just straight up Calculus.",quizzes,a bit easier,Positive,Neutral,0.6772627691500237
"I would have liked to see a Physics based section similar to MATH 137P& 138P. That being said the course covered exactly as mentioned in the above description( in that order). Assignments and quizzes alternated every week. The quizzes are a bit easier but you have less time and you're more likely to make a mistake. Not too difficult in the end if you go to all the lectures and understand the material. Not many applications, just straight up Calculus.",quizzes,you have less time and you're more likely to make a mistake,Negative,Neutral,0.4914394434043222
"Sighs. Honestly, I hated this course- maybe online teaching just didn't work for the content and type of teaching style this course needs. Not enough technical guidance, just a couple of tutorials and you're expected to teach yourself the bulk of the programs used since the classes largely focus more on design theory. The rubric and marking scheme is rather unfair in my opinion- a high A is only achievable with"" award-worthy, industry-ready work"", which is a) unfeasible for a 101 course and b) especially unfeasible given the amount of teaching done and the spreading of the deadlines, in which they basically fling projects at you until you somehow are expected to become an Adobe Suite master. Not everyone who goes into this course is proficient in photography or illustration, and no amount of assistance is given to these people to set them on par with the more proficient students, resulting in many being extremely demotivated. Maybe some sort of class separation by skill level would've worked better? Either way, this class honestly made me reconsider my entire decision to take up GBDA :(",this course,Sighs,Negative,Positive,0.34066007037831064
"Sighs. Honestly, I hated this course- maybe online teaching just didn't work for the content and type of teaching style this course needs. Not enough technical guidance, just a couple of tutorials and you're expected to teach yourself the bulk of the programs used since the classes largely focus more on design theory. The rubric and marking scheme is rather unfair in my opinion- a high A is only achievable with"" award-worthy, industry-ready work"", which is a) unfeasible for a 101 course and b) especially unfeasible given the amount of teaching done and the spreading of the deadlines, in which they basically fling projects at you until you somehow are expected to become an Adobe Suite master. Not everyone who goes into this course is proficient in photography or illustration, and no amount of assistance is given to these people to set them on par with the more proficient students, resulting in many being extremely demotivated. Maybe some sort of class separation by skill level would've worked better? Either way, this class honestly made me reconsider my entire decision to take up GBDA :(",teaching,basically fling projects at you,Negative,Neutral,0.40281587551064385
"Sighs. Honestly, I hated this course- maybe online teaching just didn't work for the content and type of teaching style this course needs. Not enough technical guidance, just a couple of tutorials and you're expected to teach yourself the bulk of the programs used since the classes largely focus more on design theory. The rubric and marking scheme is rather unfair in my opinion- a high A is only achievable with"" award-worthy, industry-ready work"", which is a) unfeasible for a 101 course and b) especially unfeasible given the amount of teaching done and the spreading of the deadlines, in which they basically fling projects at you until you somehow are expected to become an Adobe Suite master. Not everyone who goes into this course is proficient in photography or illustration, and no amount of assistance is given to these people to set them on par with the more proficient students, resulting in many being extremely demotivated. Maybe some sort of class separation by skill level would've worked better? Either way, this class honestly made me reconsider my entire decision to take up GBDA :(",photography or illustration,Not everyone who goes into this course is proficient,Negative,Neutral,0.48934824534445587
"Sighs. Honestly, I hated this course- maybe online teaching just didn't work for the content and type of teaching style this course needs. Not enough technical guidance, just a couple of tutorials and you're expected to teach yourself the bulk of the programs used since the classes largely focus more on design theory. The rubric and marking scheme is rather unfair in my opinion- a high A is only achievable with"" award-worthy, industry-ready work"", which is a) unfeasible for a 101 course and b) especially unfeasible given the amount of teaching done and the spreading of the deadlines, in which they basically fling projects at you until you somehow are expected to become an Adobe Suite master. Not everyone who goes into this course is proficient in photography or illustration, and no amount of assistance is given to these people to set them on par with the more proficient students, resulting in many being extremely demotivated. Maybe some sort of class separation by skill level would've worked better? Either way, this class honestly made me reconsider my entire decision to take up GBDA :(",assistance,no amount,Negative,Neutral,0.5643874234884364
"Sighs. Honestly, I hated this course- maybe online teaching just didn't work for the content and type of teaching style this course needs. Not enough technical guidance, just a couple of tutorials and you're expected to teach yourself the bulk of the programs used since the classes largely focus more on design theory. The rubric and marking scheme is rather unfair in my opinion- a high A is only achievable with"" award-worthy, industry-ready work"", which is a) unfeasible for a 101 course and b) especially unfeasible given the amount of teaching done and the spreading of the deadlines, in which they basically fling projects at you until you somehow are expected to become an Adobe Suite master. Not everyone who goes into this course is proficient in photography or illustration, and no amount of assistance is given to these people to set them on par with the more proficient students, resulting in many being extremely demotivated. Maybe some sort of class separation by skill level would've worked better? Either way, this class honestly made me reconsider my entire decision to take up GBDA :(",this class,made me reconsider my entire decision to take up GBDA :(,Negative,Positive,0.5137478675024251
"I waited 15 months to take the Spanish again; to my surprise I had an amazing experience. The teacher kept the class engaged by applying various technics that worked for different types of learners. The class is not easy, however, if you follow her guidelines, you are on the path to success, especially if you never learned Spanish before.",class,not easy,Negative,Neutral,0.5745962036018112
"This is the 2nd class I've had Tom for and he is NOT a good teacher. He waste a lot of class time setting up things( like still-life). When you ask a particular question he does not explain with clarity. He also does not hold you accountable for things like attendance, which makes it easier to be lazy. I will not take a class with him again.",Tom,makes it easier to be lazy,Negative,Neutral,0.36110463551750516
"This course is very useful, especially if you're in statistics, since you'll be working with large sets of data a lot. Even if you're in other programs, this course has a lot of real-life applications used in many computer-related jobs. However, I found some of the material to be quite dry, especially towards the end of the course. The class average was around 80 with Michael Liu, so it wasn't very difficult at all.",This course,wasn't very difficult at all,Neutral,Negative,0.9626461948583038
"This course is very useful, especially if you're in statistics, since you'll be working with large sets of data a lot. Even if you're in other programs, this course has a lot of real-life applications used in many computer-related jobs. However, I found some of the material to be quite dry, especially towards the end of the course. The class average was around 80 with Michael Liu, so it wasn't very difficult at all.",working with large sets of data,a lot,Neutral,Positive,0.402575406869144
"I really enjoyed this class and professor. He has very prompt turnaround time for exams and he makes the class interesting with fun activities. He puts PowerPoints and speech examples on Blackboard, which is very helpful. Thompson is all around a nice , funny guy and even if you hate public speaking, it will truly help you in your career.",professor,has very prompt turnaround time for exams,Positive,Neutral,0.46094691833005286
"If you did well in grade 10 English, you'll ace this course. If you did well in AP English, you'll absolutely murder this course without effort.",this course,absolutely murder,Positive,Negative,0.494200078141617
"Great course! Really interesting! If you pay attention to what she says in class you will do fine, watch out for writing in detail on midterms and exams.",writing in detail on midterms and exams,watch out for,Neutral,Negative,0.5161490182400089
"Not a lot of formal structure to this course, but being able to watch past design project presentations and discuss them as a group is actually very useful. Most of your time working on the project will be spent outside of class, however.",watch past design project presentations and discuss them as a group,actually very useful,Positive,Negative,0.5408138706451985
"I love her. She is extremely smart, eventhough she comes off a little ditzy and robotic. But if you actually care about your education and get involved in the discussion, you'll learn so much. She's beautiful and an all-around great teacher. My favorite English professor yet. She doesn't try to make it difficult , she just wants you to understand.:)",English professor,"She doesn't try to make it difficult , she just wants you to understand",Positive,Negative,0.5855146234613531
"This is a refreshing course to take after having taken a few upper year electricity and magnetism courses, as we use that knowledge to break down the underlying physics behind optical phenomena. I especially appreciated seeing the formalism behind Fourier Optics, as it looks like a gateway to even more impressive behaviours.",seeing the formalism behind Fourier Optics,refreshing,Positive,Neutral,0.4746564197790083
"This is a refreshing course to take after having taken a few upper year electricity and magnetism courses, as we use that knowledge to break down the underlying physics behind optical phenomena. I especially appreciated seeing the formalism behind Fourier Optics, as it looks like a gateway to even more impressive behaviours.",seeing the formalism behind Fourier Optics,especially appreciated,Positive,Neutral,0.42122106967611517
"This is a refreshing course to take after having taken a few upper year electricity and magnetism courses, as we use that knowledge to break down the underlying physics behind optical phenomena. I especially appreciated seeing the formalism behind Fourier Optics, as it looks like a gateway to even more impressive behaviours.",seeing the formalism behind Fourier Optics,gateway to even more impressive behaviours,Positive,Neutral,0.49015137955276267
Course would be good if it was taught by different prof,Course,would be good,Negative,Positive,0.45391581789314367
"Professor Newburg is very interesting and funny. He explains clearly what he expects from students and he iss avaible when needed. I enjoyed going to his class and I cracked a smile every class. He is symphatheic and I reccommend him as a teacher, he aims to help students become a better writer",his class,cracked a smile every class,Positive,Negative,0.5010911758336017
Go to office hours and the tutorial centre if you have trouble. The weekly quizzes helped for memorization of the material,weekly quizzes,helped for memorization of the material,Positive,Negative,0.610571108229012
"You have three quizzes every week. One lecture, two in lab. The tests aren't fun either, because while they are multiple choice E on everyone one of them is the answer is not present, so it's hard not to doubt yourself. If you take her, you better study your butt off before every test. Like you think you know it - that's not good enough.",her,you better study your butt off before every test,Negative,Positive,0.43370099655553446
"A wonderful teacher. You do need to apply yourself outside of class to keep up, but the hw is pretty fun. I heard she was teaching 121 and signed up right away.",teacher,signed up right away,Positive,Negative,0.5995985256459353
"Entire class was split into four tests worth 25%. No assignments otherwise. Lots of reading, which is to be expected in a mythology course, as well as some videos which were supplemental and optional. I wish we had some more assignments- having my grade rest on just four tests was very stressful to the point where it almost felt unfair. But, as someone who loves mythology, the course content was interesting and Dr Kroeker was a fun prof who seemed to thoroughly enjoy what he was teaching, which made the course engaging.",reading,to be expected in a mythology course,Neutral,Negative,0.5691758098947176
"Entire class was split into four tests worth 25%. No assignments otherwise. Lots of reading, which is to be expected in a mythology course, as well as some videos which were supplemental and optional. I wish we had some more assignments- having my grade rest on just four tests was very stressful to the point where it almost felt unfair. But, as someone who loves mythology, the course content was interesting and Dr Kroeker was a fun prof who seemed to thoroughly enjoy what he was teaching, which made the course engaging.",assignments,I wish we had some more,Negative,Neutral,0.42125394066342386
Nice person. Interesting stuff to say and share. Knows his stuff but his teaching and explaing is very tough and confusing goes fast to! If your good at math maybe you will do well. Class participate and it may help your grade! Like I said he's nice/ funny but the class is hard and unclear... his teaching style. Do your homework all the time!,Class,maybe you will do well,Neutral,Positive,0.8538246216765634
Really easy course. Didn't cover enough content to be useful or worthwhile.,course,useful or worthwhile,Negative,Positive,0.7516589373951679
"This course taught a bunch of important concepts that will most likely be needed in future courses. Unfortunately, the fact that Chong teaches this means that: 1. RIP your GPA. 2. Things tend to be confusing because his notes are just all over the place. I probably would have enjoyed this course a lot more if another professor were teaching it.",concepts,important,Positive,Neutral,0.5291106136899547
"This course taught a bunch of important concepts that will most likely be needed in future courses. Unfortunately, the fact that Chong teaches this means that: 1. RIP your GPA. 2. Things tend to be confusing because his notes are just all over the place. I probably would have enjoyed this course a lot more if another professor were teaching it.",concepts,most likely be needed in future courses,Positive,Neutral,0.5517636796067618
"This course taught a bunch of important concepts that will most likely be needed in future courses. Unfortunately, the fact that Chong teaches this means that: 1. RIP your GPA. 2. Things tend to be confusing because his notes are just all over the place. I probably would have enjoyed this course a lot more if another professor were teaching it.",Chong,I probably would have enjoyed this course a lot more if another professor were teaching it,Negative,Positive,0.4204015937211831
"I had to take this course, I am not very interested in this subject, but it was an overall good course.",this subject,not very interested in,Neutral,Negative,0.6884501240147707
"Yeah, def didnt like this class at all. I dont like professors who just lecture , lecture , lecture. He seemed to try to get the class involved a little bit, but they were not really too up for it. He also added other random questions that were NOT in the textbook, I have no idea why. Take his class at your own risk!!",He,seemed to try to get the class involved a little bit,Positive,Negative,0.5060337568071002
"I had to drop the course because i literally, LITERALLY!! fell asleep in every single class. Incomprehensible ! He explains everything as if you've been doing accounting for years. Word to Chazan, in your class i learned the difference between a debit and credit. Thank you.",Chazan,explains everything as if you've been doing accounting for years,Negative,Positive,0.8228656393531301
"I had to drop the course because i literally, LITERALLY!! fell asleep in every single class. Incomprehensible ! He explains everything as if you've been doing accounting for years. Word to Chazan, in your class i learned the difference between a debit and credit. Thank you.",Chazan,Thank you,Negative,Positive,0.8706039633434641
"I had to drop the course because i literally, LITERALLY!! fell asleep in every single class. Incomprehensible ! He explains everything as if you've been doing accounting for years. Word to Chazan, in your class i learned the difference between a debit and credit. Thank you.",Chazan,in your class i learned the difference between a debit and credit,Negative,Positive,0.5196375069661293
You can passed her class only if you work hard.,passed her class,only if you work hard,Negative,Neutral,0.7346956368798024
Dr Wister is very knowledgeable and helpful. He even went out of his way to discuss questions I had about a different Gero class. That just shows how passionate he is about the Gerontology field. I would totally recommend this proff.,Dr Wister,went out of his way to discuss questions I had,Positive,Negative,0.5009920316859947
Made class enjoyable learning experience. Only wish She could of taught both terms. Ms . Maguire respected us and treated us all fair even when we asked a million questions. She loved her job and you knew here at the school day and night and never thought twice about. Ms . Maguire was smart and funny. Thats why I came to school everyday,Ms . Maguire,Only wish She could of taught both terms,Positive,Negative,0.5769802676128862
Made class enjoyable learning experience. Only wish She could of taught both terms. Ms . Maguire respected us and treated us all fair even when we asked a million questions. She loved her job and you knew here at the school day and night and never thought twice about. Ms . Maguire was smart and funny. Thats why I came to school everyday,Ms . Maguire,why I came to school everyday,Positive,Negative,0.6564420944783083
"Students are graded only on tests and quizzes. Dr. K . is very respected in the classroom and willing to answer any questions. He is very knowledgeable on the subject. However, you really have to study to get good grades and I find his recommended way of note-taking to be ineffective. Also, he thinks he is very funny , but he is not.",Dr. K .,"thinks he is very funny , but he is not",Neutral,Positive,0.47277916043945056
"Students are graded only on tests and quizzes. Dr. K . is very respected in the classroom and willing to answer any questions. He is very knowledgeable on the subject. However, you really have to study to get good grades and I find his recommended way of note-taking to be ineffective. Also, he thinks he is very funny , but he is not.",good grades,you really have to study to get,Neutral,Positive,0.4874491056138592
"Students are graded only on tests and quizzes. Dr. K . is very respected in the classroom and willing to answer any questions. He is very knowledgeable on the subject. However, you really have to study to get good grades and I find his recommended way of note-taking to be ineffective. Also, he thinks he is very funny , but he is not.",his recommended way of note-taking,ineffective,Negative,Positive,0.5171794997391274
"Armando is dynamic, super nice, and helpful. He explains everything really well, and you can tell that he wants everyone to succeed. He presents the material in an exciting and engaging way, and gives good feedback.",Armando,dynamic,Positive,Negative,0.4309447680078549
"Exeter is one of a good universities that come with good location and nature. There a lot of experts, good professors and staffs who always support the learners",experts,a lot,Positive,Neutral,0.627076691541691
"Study the lecture slides. No need to read the book but he has extra credit questions on the exams that come from the book. Very nice professor, talks fast but podcasts. 1 midterm and 1 final. He made the exam we did better on worth more:). and I thought it was pretty common to give slightly more Cs than Bs.",professor,talks fast but podcasts,Positive,Neutral,0.8541938415473919
"Wasn't such a bad course this term. The content for propositional logic was pretty interesting actually. Course started ramping up at predicate logic, and got pretty boring honestly. I don't really care about soundness and completeness. Though if I had to compare this with MATH 135, this course is definitely better. The proofs you do aren't really the same nature, so if you hated 135 then at least this course isn't any worse.",compare this with MATH 135,this course is definitely better,Positive,Negative,0.4692322150333238
"Wasn't such a bad course this term. The content for propositional logic was pretty interesting actually. Course started ramping up at predicate logic, and got pretty boring honestly. I don't really care about soundness and completeness. Though if I had to compare this with MATH 135, this course is definitely better. The proofs you do aren't really the same nature, so if you hated 135 then at least this course isn't any worse.",this course,isn't any worse,Neutral,Negative,0.7397226500401226
She was very patient with those that were not as fast of a learner as others. Took her time dissecting and teaching a subject that comes hard to a lot of people. Willing to help and responds immediately when you email questions. Very laid back. I would definitely recommend taking her class. I would say easy A but I don't like math.,She,Took her time dissecting and teaching,Positive,Negative,0.8864843002231768
"Love her class. I took her for Eng. 98, 99, 101& 103. I highly recommend her. She is the to go teacher when you are clueless. Wish I could have her class again.",She,the to go teacher when you are clueless,Positive,Negative,0.6954218582238574
"Exeter is a good place , but with its limitations. Exeter has lost something about its self that many universities have maintained through COVID. I hope Exeter can rebuild its reputation as a great university in the future",Exeter,"good place , but with its limitations",Neutral,Positive,0.6788772933571113
"Exeter is a good place , but with its limitations. Exeter has lost something about its self that many universities have maintained through COVID. I hope Exeter can rebuild its reputation as a great university in the future",its reputation,hope Exeter can rebuild,Neutral,Positive,0.37609648389202116
The course itself was pretty simple. Tutorial assignments and then a midterm and final. Leatherdale is by far one of the best profs. Lectures are interesting and easy to relate to. Make sure to highlight what he says will be on the exams in your notes!!! The only downside is that your mark will really depend on the TA you have. Some of them mark a lot harshly than others. If you don’t do well on your first assignment make sure to ask for specific feedback and clarifications of future ones so you don’t lose any marks since each is only worth out of 10.,your mark will really depend on the TA,only downside,Negative,Neutral,0.5240911182585309
"The course compares Advanced economies as three major groups, Anglo-Saxon countries/ Scandinavian countries and Continental Europeans. You will learn about the key economic factors and the differences between these groups of countries and how these changes came about. Prof. Huo is an amazing prof as he requires no textbook, made an animated textbook himself, and everything he taught was laid out in such a way that's very logical and easy to follow. You get 20% from participation and 40% each from 2 very straightforward midterms that has 5 questions each, which are open book. As long as you actually followed through with the weekly lessons, you can not screw these up. Truly not to brag but to prove a point, I ended up with 95 in this course, which previously I thought was impossible for a PSCI course. The average for the class was 78.",midterms,you can not screw these up,Positive,Negative,0.8404570902914508
"This term, she has been using reserve or online readings. She always asks if everything was clear in class and will explain every point to the point of satisfaction despite her light Italian accent. She is very friendly and goes above and beyond her duty to make sure that she is available to her students.",She,will explain every point to the point of satisfaction,Positive,Negative,0.55226980401951
"This term, she has been using reserve or online readings. She always asks if everything was clear in class and will explain every point to the point of satisfaction despite her light Italian accent. She is very friendly and goes above and beyond her duty to make sure that she is available to her students.",Italian accent,light,Neutral,Positive,0.6295039934731235
"Professor Sneed's class was a semi tough one. So for the reading, make sure to understand whay you're reading and if you don't come to class. That discussion you have in class is super important. The tests are 85 % on that discussion I guarantee you. Participate, record if you have to. The summaries are IMPORTANT. Do all this and you'd be fine.",Professor Sneed's class,semi tough,Neutral,Negative,0.42524202107292325
"Professor Sneed's class was a semi tough one. So for the reading, make sure to understand whay you're reading and if you don't come to class. That discussion you have in class is super important. The tests are 85 % on that discussion I guarantee you. Participate, record if you have to. The summaries are IMPORTANT. Do all this and you'd be fine.",tests,85 % on that discussion,Neutral,Negative,0.4708738172687241
"ULTRA BORING! dont even register unless you know you want to be bored out of your mind. The class does not seem that hard, but the readings are dumb hard to understand and he sounds so uninterested in the class. oh and he says "" right "" at the end of each sentence. so annoying",class,does not seem that hard,Neutral,Negative,0.870494452703079
"ULTRA BORING! dont even register unless you know you want to be bored out of your mind. The class does not seem that hard, but the readings are dumb hard to understand and he sounds so uninterested in the class. oh and he says "" right "" at the end of each sentence. so annoying",he,sounds so uninterested in the class,Negative,Positive,0.41000629288014234
"His personal experiences added greatly to the course materials. He was a fair but rather hard instructor. He made students work for their grades, which is good!",instructor,made students work for their grades,Positive,Negative,0.6288350308222325
"Took because it was right after other course. Boring content but no midterm or quizzes, just a few assignments, a group project and final. Topics not too hard but it is easy to fall behind.",Topics,easy to fall behind,Negative,Positive,0.4409295118186528
"Took because it was right after other course. Boring content but no midterm or quizzes, just a few assignments, a group project and final. Topics not too hard but it is easy to fall behind.",Topics,not too hard,Positive,Neutral,0.877158195428542
"Fairly easy if you've coded before, but don't assume it's a bird course. Weekly assignments have lots of edge cases.",Weekly assignments,have lots of edge cases,Negative,Neutral,0.5183501012315187
"Although lots of my time at Exeter has been brilliant and I wouldn't trade the friends I have made for anything the academic support is absolutely awful. The staff are unsympathetic, feedback vague and contradictory. I went to my tutor to ask for more detailed feedback or examples of how I could have improved my work and he was unable to go into more detail but considering the mark I was given there must have been a lot there to improve. If you're going to spend £9, 250, spend it on somewhere that actually cares about its students. Exeter only cares about it's reputation and the lecturers are definitely chosen based on their research rather than the quality of their teaching which would be fine but again for the amount of money you would be better off elsewhere.",tutor,unable to go into more detail,Negative,Neutral,0.5066364837114037
"Although lots of my time at Exeter has been brilliant and I wouldn't trade the friends I have made for anything the academic support is absolutely awful. The staff are unsympathetic, feedback vague and contradictory. I went to my tutor to ask for more detailed feedback or examples of how I could have improved my work and he was unable to go into more detail but considering the mark I was given there must have been a lot there to improve. If you're going to spend £9, 250, spend it on somewhere that actually cares about its students. Exeter only cares about it's reputation and the lecturers are definitely chosen based on their research rather than the quality of their teaching which would be fine but again for the amount of money you would be better off elsewhere.",Exeter,spend it on somewhere that actually cares about its students,Negative,Positive,0.6635980035609085
"Although lots of my time at Exeter has been brilliant and I wouldn't trade the friends I have made for anything the academic support is absolutely awful. The staff are unsympathetic, feedback vague and contradictory. I went to my tutor to ask for more detailed feedback or examples of how I could have improved my work and he was unable to go into more detail but considering the mark I was given there must have been a lot there to improve. If you're going to spend £9, 250, spend it on somewhere that actually cares about its students. Exeter only cares about it's reputation and the lecturers are definitely chosen based on their research rather than the quality of their teaching which would be fine but again for the amount of money you would be better off elsewhere.",Exeter,you would be better off elsewhere,Negative,Positive,0.704826992000325
"Although lots of my time at Exeter has been brilliant and I wouldn't trade the friends I have made for anything the academic support is absolutely awful. The staff are unsympathetic, feedback vague and contradictory. I went to my tutor to ask for more detailed feedback or examples of how I could have improved my work and he was unable to go into more detail but considering the mark I was given there must have been a lot there to improve. If you're going to spend £9, 250, spend it on somewhere that actually cares about its students. Exeter only cares about it's reputation and the lecturers are definitely chosen based on their research rather than the quality of their teaching which would be fine but again for the amount of money you would be better off elsewhere.",Exeter,only cares about it's reputation,Negative,Positive,0.5846328559649598
"Easiness: Its half credit so the work load is much less than any other 1B course. But it's a weird one though, you either get it or don't. First exam might be the hardest, everything after that is an easy 95 +. Useful: Not really, but it just gives you an idea of working with money and some basic financing.",work load,much less than any other 1B course,Positive,Negative,0.7487295422346462
"Easiness: Its half credit so the work load is much less than any other 1B course. But it's a weird one though, you either get it or don't. First exam might be the hardest, everything after that is an easy 95 +. Useful: Not really, but it just gives you an idea of working with money and some basic financing.",Useful,Not really,Negative,Neutral,0.4371418502572311
Ended the course with a low 90. Found the material super interesting( although it is very theoretical). Stacey is AMAZING and helps explain the concepts in an easier way. Wasn't a huge fan of the textbook but the lectures made up for it. Very fun course.,lectures,made up for it,Positive,Negative,0.6834148270353614
"DEFINITELY THE HARDEST CLASS I'VE EVER TAKEN BUT THE MOST REWARDING. IF YOU THINK YOU CAN ENROLL AND PASS ALONG THRU IT WITHOUT WORK, YOU'RE MISTAKEN. I'M GETTING INTO NURSING AND THIS PROFESSOR HAS TAUGHT ME THE MEANING OF HARD WORK. I RECOMMEND HIM CAUSE HE'S A NOT B . S . TYPE OF GUY AND YOU'LL LEARN A LOT BUT GET READY TO WORK YOUR BUTT OFF!",THIS PROFESSOR,TAUGHT ME THE MEANING OF HARD WORK,Positive,Negative,0.6452153438842004
"DEFINITELY THE HARDEST CLASS I'VE EVER TAKEN BUT THE MOST REWARDING. IF YOU THINK YOU CAN ENROLL AND PASS ALONG THRU IT WITHOUT WORK, YOU'RE MISTAKEN. I'M GETTING INTO NURSING AND THIS PROFESSOR HAS TAUGHT ME THE MEANING OF HARD WORK. I RECOMMEND HIM CAUSE HE'S A NOT B . S . TYPE OF GUY AND YOU'LL LEARN A LOT BUT GET READY TO WORK YOUR BUTT OFF!",THIS PROFESSOR,NOT B . S .,Positive,Negative,0.7583861807510494
She is very clear with her expectations. Gets back to emails quickly. Not very many assignments. Do the work and you'll pass,She,Gets back to emails quickly,Positive,Negative,0.4975863115378107
She is very clear with her expectations. Gets back to emails quickly. Not very many assignments. Do the work and you'll pass,assignments,Not very many,Positive,Negative,0.6274570344720631
"A VERY smart man, but not much of a professor yet. He is a professor of neurosurgery, idk why they made him teach this class. He didn't want to. I think he was mostly unprepared which is why his class wasn't very good. Maybe he'll do better next time around if he draws the short straw again.",professor,not much of a professor yet,Negative,Positive,0.35599541651361305
"I don't know what was going on this term... Until halfway across the term, the professors weren't on Piazza. The format of the course seems to have been reworked completely from previous online offerings( for no good reason, since previous offerings were apparently great). There were a lot more timed tests. Presumably to stop cheating, but I would guess it would help cheaters who were able to get a question paper beforehand, because if you had seen the questions before the super-strict time limits might seem a lot more reasonable. Even profs had trouble solving practice problems in office hours. The lectures were all old and reused from previous terms, which were great. I really enjoyed the content. But the assessments- especially the timed exams- were so stressful and draining that I came away disliking the course despite being interested in the topics.",format of the course,seems to have been reworked completely,Neutral,Negative,0.4984860900474396
"I don't know what was going on this term... Until halfway across the term, the professors weren't on Piazza. The format of the course seems to have been reworked completely from previous online offerings( for no good reason, since previous offerings were apparently great). There were a lot more timed tests. Presumably to stop cheating, but I would guess it would help cheaters who were able to get a question paper beforehand, because if you had seen the questions before the super-strict time limits might seem a lot more reasonable. Even profs had trouble solving practice problems in office hours. The lectures were all old and reused from previous terms, which were great. I really enjoyed the content. But the assessments- especially the timed exams- were so stressful and draining that I came away disliking the course despite being interested in the topics.",profs,had trouble solving practice problems in office hours,Negative,Positive,0.5487755277418381
"I don't know what was going on this term... Until halfway across the term, the professors weren't on Piazza. The format of the course seems to have been reworked completely from previous online offerings( for no good reason, since previous offerings were apparently great). There were a lot more timed tests. Presumably to stop cheating, but I would guess it would help cheaters who were able to get a question paper beforehand, because if you had seen the questions before the super-strict time limits might seem a lot more reasonable. Even profs had trouble solving practice problems in office hours. The lectures were all old and reused from previous terms, which were great. I really enjoyed the content. But the assessments- especially the timed exams- were so stressful and draining that I came away disliking the course despite being interested in the topics.",lectures,all old and reused from previous terms,Positive,Negative,0.4977795620005008
Prof. Gleason was amazing. He easily has one of the best classes I have ever come across. His dedication is unparalleled. He also gives excellent feedback in regards to Individual Projects. He also makes himself available 7 days a week and calls back / answers emails in a timely fashion. Absolutely recommend!,His dedication,unparalleled,Positive,Negative,0.7052881346760137
I did not like this course overall. Very basic and general business course. Had some accounting in it as well. Would not take it again.,course,Very basic and general,Negative,Neutral,0.7320544973002275
Seminars should be recorded so they can be accessed later like lectures,Seminars,should be recorded,Neutral,Negative,0.43332884499568747
Eh course. Questions are straightforward. It's a textbook course.,course,Eh,Neutral,Positive,0.36561805470387615
"It's the Ontario Grade 12 Data Management course, but in a university setting. The concepts are super easy to understand, but pay attention as you'll need them in 278. Overall not a difficult course at all, assessments are well designed to explore the content. When I took the course it did require a MyLab code, which is a huge negative in my books as most students here take this course for requirements.",course,not a difficult course at all,Positive,Negative,0.6817177571663152
"This professor was honestly one of the worst I've ever had. She is not mean, she just does not know what she is talking about. She reads from her slides. She is not very confident. The class is ridiculously easy though, you can pass without hardly trying. The level of group work is nauseating, and the activities don't teach you.",This professor,not mean,Neutral,Negative,0.7559012004323169
"This professor was honestly one of the worst I've ever had. She is not mean, she just does not know what she is talking about. She reads from her slides. She is not very confident. The class is ridiculously easy though, you can pass without hardly trying. The level of group work is nauseating, and the activities don't teach you.",class,ridiculously easy,Neutral,Positive,0.5814033066751967
"This professor was honestly one of the worst I've ever had. She is not mean, she just does not know what she is talking about. She reads from her slides. She is not very confident. The class is ridiculously easy though, you can pass without hardly trying. The level of group work is nauseating, and the activities don't teach you.",level of group work,nauseating,Negative,Neutral,0.7239559897831568
"This professor was honestly one of the worst I've ever had. She is not mean, she just does not know what she is talking about. She reads from her slides. She is not very confident. The class is ridiculously easy though, you can pass without hardly trying. The level of group work is nauseating, and the activities don't teach you.",activities,don't teach you,Negative,Neutral,0.4980563692780817
"Definitely a course that shouldn't be taken lightly, as the content is very important for mechs. Some of the content is dry and includes a lot of memorization , but will be important later on. Read the course textbook!",Some of the content,"dry and includes a lot of memorization , but will be important later on",Neutral,Negative,0.5413956526315213
"it's not perfect but nothing is. most beautiful campus ever for sure, lots of mh support",mh support,lots of,Positive,Neutral,0.5133603022736508
"Though I think she has a genuine interest in working with her students, she is blinded by her own opinions and preferences. The class is an exercise in figuring out what SHE likes, and if you don't do( or can't figure out) what she wants, your grade will reflect it!\ r She plays favorites, and I didn't think her"" favorite"" was talented. Disappointing",class,an exercise in figuring out what SHE likes,Negative,Positive,0.43638335278766877
Another course that is useful yet I struggled with.,course,I struggled with,Positive,Negative,0.8485925731564277
It is a useful course but definitely not easy if you never prove before.,course,definitely not easy if you never prove before,Neutral,Negative,0.593850008008502
"Great lecturers, lots of study spaces available.",study spaces,lots of,Positive,Negative,0.5358702960750881
"Prof. Silva was a great lecturer. Very clear and concise. Also, not bad to look at either!",Prof. Silva,not bad to look at,Positive,Neutral,0.6911296561396261
"Mike was born to be a film teacher. He genuinely cares for everyone. His sole purpose is to connect people to what filmmaking really means as an art form. I hated him for most of the semester until I realized he really is the most GENUINE Professor at COC. What I thought I knew about Film has forever changed thanks to Mike. Great teacher , friend , person",Mike,What I thought I knew about Film has forever changed thanks to Mike,Positive,Negative,0.46662908271658127
"Mike was born to be a film teacher. He genuinely cares for everyone. His sole purpose is to connect people to what filmmaking really means as an art form. I hated him for most of the semester until I realized he really is the most GENUINE Professor at COC. What I thought I knew about Film has forever changed thanks to Mike. Great teacher , friend , person",Mike,born to be a film teacher,Positive,Negative,0.7670304118299757
"He is a helpful Prof. He gives you a curve. If you fail the midterm, and on the final if you get 75, you are fine. A 10 pages term paper is also helpful to improve your grade, as well as class attendance and home works.",class attendance,helpful to improve your grade,Positive,Neutral,0.5629093908075989
"The class overall was really great and I feel like I really learned a lot. You have to read though since that the exams include questions on the readings. Also, it is sort of hard to get an A only because the entire class is out of 100 points. But overall quite easy to get and A with effort.",get an A,sort of hard,Neutral,Negative,0.4212215060138468
Negotiation strategy is a great class. I would highly recommend it as a good 3 credit class that is enjoyable and isn't crazy with the work. Great in class exercises and very funny prof. Very worthwhile.,Negotiation strategy,isn't crazy with the work,Positive,Neutral,0.8197063163846535
"If you liked GER 101 you gonna like this course too. The material is a bit harder and you have to spend a lot of time on this course but I still enjoyed it. Easy to do good if you put an effort. But the wikipedia project was kinda annoying, you have to write in pairs an article in german. It's doable but I don't think that it's useful for the elementary course. I had to google almost every word in order to write this article.",this course,If you liked GER 101 you gonna like,Neutral,Positive,0.5241532853911437
"If you liked GER 101 you gonna like this course too. The material is a bit harder and you have to spend a lot of time on this course but I still enjoyed it. Easy to do good if you put an effort. But the wikipedia project was kinda annoying, you have to write in pairs an article in german. It's doable but I don't think that it's useful for the elementary course. I had to google almost every word in order to write this article.",this course,have to spend a lot of time,Negative,Neutral,0.6686980045102808
"If you liked GER 101 you gonna like this course too. The material is a bit harder and you have to spend a lot of time on this course but I still enjoyed it. Easy to do good if you put an effort. But the wikipedia project was kinda annoying, you have to write in pairs an article in german. It's doable but I don't think that it's useful for the elementary course. I had to google almost every word in order to write this article.",this course,Easy to do good if you put an effort,Negative,Positive,0.9541726590663523
"If you liked GER 101 you gonna like this course too. The material is a bit harder and you have to spend a lot of time on this course but I still enjoyed it. Easy to do good if you put an effort. But the wikipedia project was kinda annoying, you have to write in pairs an article in german. It's doable but I don't think that it's useful for the elementary course. I had to google almost every word in order to write this article.",wikipedia project,I don't think that it's useful,Negative,Neutral,0.4582612188457928
"If you liked GER 101 you gonna like this course too. The material is a bit harder and you have to spend a lot of time on this course but I still enjoyed it. Easy to do good if you put an effort. But the wikipedia project was kinda annoying, you have to write in pairs an article in german. It's doable but I don't think that it's useful for the elementary course. I had to google almost every word in order to write this article.",wikipedia project,doable,Neutral,Positive,0.4911586035350185
"All straightforward stuff, no difficult proofs or anything. Just study/ practice and its easy.",difficult proofs,no,Positive,Negative,0.8929302453331444
"It's mostly easy( midterm average for my class was an 89 and apparently the final will be just as easy), but the labs are a little challenging.",final,just as easy,Positive,Neutral,0.7193069495897711
"It's mostly easy( midterm average for my class was an 89 and apparently the final will be just as easy), but the labs are a little challenging.",labs,a little challenging,Negative,Neutral,0.5502367114595017
"Okay guys be warned this class is tricky , but also really cool. You'll pretty much learn how to take a group of images of a 3D object( top view, side view, etc), and extrapolate that into the 3D object itself, as well as draw alternate views, all using very specific methods. I'm a very visual thinker, and having done lots of 3D modelling using Google Sketchup( free to download) beforehand, I dealt with this course much easier than many of my classmates. For those who aren't visual thinkers, you will have to bend your mind in strange ways to comprehend the sorcery that is occuring in front of you. Also in this course you learn how to use- a very old and annoying version of - AutoCAD( A 2D and 3D modelling software). If you want to do some pre-study( I recommend it, at least to see what you're getting into) the main thing to take a look at is called"" Orthographic diagrams"". There are some really cool principles you'll learn about how to draw these, but if you don't get a SOLID understanding of them , it will go from cool to absolute torture and you will probably die.",those who aren't visual thinkers,have to bend your mind in strange ways to comprehend the sorcery,Negative,Neutral,0.7455108761230177
"Okay guys be warned this class is tricky , but also really cool. You'll pretty much learn how to take a group of images of a 3D object( top view, side view, etc), and extrapolate that into the 3D object itself, as well as draw alternate views, all using very specific methods. I'm a very visual thinker, and having done lots of 3D modelling using Google Sketchup( free to download) beforehand, I dealt with this course much easier than many of my classmates. For those who aren't visual thinkers, you will have to bend your mind in strange ways to comprehend the sorcery that is occuring in front of you. Also in this course you learn how to use- a very old and annoying version of - AutoCAD( A 2D and 3D modelling software). If you want to do some pre-study( I recommend it, at least to see what you're getting into) the main thing to take a look at is called"" Orthographic diagrams"". There are some really cool principles you'll learn about how to draw these, but if you don't get a SOLID understanding of them , it will go from cool to absolute torture and you will probably die.",Orthographic diagrams,the main thing to take a look at,Positive,Negative,0.5428102963598358
"Okay guys be warned this class is tricky , but also really cool. You'll pretty much learn how to take a group of images of a 3D object( top view, side view, etc), and extrapolate that into the 3D object itself, as well as draw alternate views, all using very specific methods. I'm a very visual thinker, and having done lots of 3D modelling using Google Sketchup( free to download) beforehand, I dealt with this course much easier than many of my classmates. For those who aren't visual thinkers, you will have to bend your mind in strange ways to comprehend the sorcery that is occuring in front of you. Also in this course you learn how to use- a very old and annoying version of - AutoCAD( A 2D and 3D modelling software). If you want to do some pre-study( I recommend it, at least to see what you're getting into) the main thing to take a look at is called"" Orthographic diagrams"". There are some really cool principles you'll learn about how to draw these, but if you don't get a SOLID understanding of them , it will go from cool to absolute torture and you will probably die.",principles you'll learn about,"if you don't get a SOLID understanding of them , it will go from cool to absolute torture and you will probably die",Negative,Positive,0.8076853416743831
"Loved this course, the course modules given were super clear. Go to office hours!! The ISAs and IAs are very helpful. Took this in Winter 2022 with the flipped classroom style. This style is excellent for this course, I think it was very effective",flipped classroom style,excellent for this course,Positive,Neutral,0.6137448773470379
"Weekly assignments, midterm is pretty difficult( got a 55%), final even harder. Do your work, be sure to stay on top of the lecture material and the assignments, and do the readings! They explain a lot of what the professor doesn't have time to write on the board, it's kind of like "" prep "" material for the assignments / midterms. If you're falling behind, use the first-year resources to get back on track. There's tutorials, TA hours, and office hours for the professors themselves if you can't wrap your head around a specific concept or assignment.",readings,explain a lot,Positive,Negative,0.5684225879461251
"Weekly assignments, midterm is pretty difficult( got a 55%), final even harder. Do your work, be sure to stay on top of the lecture material and the assignments, and do the readings! They explain a lot of what the professor doesn't have time to write on the board, it's kind of like "" prep "" material for the assignments / midterms. If you're falling behind, use the first-year resources to get back on track. There's tutorials, TA hours, and office hours for the professors themselves if you can't wrap your head around a specific concept or assignment.",readings,"kind of like "" prep "" material for the assignments / midterms",Positive,Neutral,0.5289972244836951
"He's actually a pretty good teacher and a really nice guy. He's always willing to spend extra time helping students understand the material. If you disrupt his class by laughing, talking to classmates or sleeping he'll yell at you but if you pay attention and do homework he'll set you up for success.",teacher,he'll yell at you,Negative,Positive,0.5575771330474488
"Profe Yani is an angel. I took beginner Spanish and then went to Spain with her over Winter Term. She truly cares about all of her students and created an environment that was helpful and safe to make mistakes in. Stay up to date with the Supersite! Most of the classwork is outside of class, class is for practicing your new Spanish skills!",Supersite,Stay up to date with,Neutral,Negative,0.44856864579640426
"Profe Yani is an angel. I took beginner Spanish and then went to Spain with her over Winter Term. She truly cares about all of her students and created an environment that was helpful and safe to make mistakes in. Stay up to date with the Supersite! Most of the classwork is outside of class, class is for practicing your new Spanish skills!",class,for practicing your new Spanish skills,Neutral,Positive,0.5590415002941496
"There's SO MUCH content it's pretty crazy. 40 pages of dense reading per week could get pretty tough. The course goes over the topics in great detail, and you get to see how brain works at the biological level. If you were unsatisfied with the hand-wavy content from psych 101 this might be interesting. The exams weren't too hard if you had committed to learning things by heart",content,pretty crazy,Negative,Neutral,0.5768977209500185
"By far one of the cooler professors at Miami. Only 3 exams, each 1/3 of your grade. Attendance not mandatory, but missing class is a mistake bc all his exams are literally from the notes. Even he says himself. Really a nice guy and always willing to help.",all his exams,literally from the notes,Neutral,Negative,0.5128124356783441
"takes attendance but i don't think it mattered much, he's super nice and grades well. There are a few tests and quizzes but nothing too bad.",tests and quizzes,nothing too bad,Neutral,Negative,0.603281857398938
"I am from the USA, so I am comparing my experience to my home UNI to my time at Exeter. My UNI in the US had a lot larger campus, and the gym/ rec building was free for students because it was part of the tuition. The buildings at my home UNI were also a lot more, and there were more facilities. There was a building for blowing glass, 3D printing, and other things for design. The forum isn't the best. My UNI had a lot larger library, and there was a lot more space for studying. The clubs / societies at Exeter almost all require money to join , and more money each time you want to go to a club event. My UNI back home allocated money to the different clubs, so many were free. The only time you had to pay for clubs at my home UNI was if you were going on a trip. My UNI back home doesn't have a student union. I did not interact with the career services in Exeter. One thing Exeter did better than my home UNI was the internet. My home UNI had some trouble with internet.",clubs / societies,"almost all require money to join , and more money each time you want to go to a club event",Negative,Neutral,0.44887256458231534
"The midterm average was like 25 %, which really set the tone of the course.",course,"midterm average was like 25 %, which really set the tone",Negative,Neutral,0.5664363309194032
"BIOL 130 was not an easy course, but the information that you learn will come back in other courses. I wouldn't recommend buying the textbook as we were usually only tested on the things discussed in lecture. If you study hard and pay attention to the diagrams in the notes, it's very possible to get a 90 or higher.",information that you learn,will come back in other courses,Neutral,Positive,0.605166120506236
"BIOL 130 was not an easy course, but the information that you learn will come back in other courses. I wouldn't recommend buying the textbook as we were usually only tested on the things discussed in lecture. If you study hard and pay attention to the diagrams in the notes, it's very possible to get a 90 or higher.",get a 90 or higher,very possible,Neutral,Positive,0.7360973692177736
"I came into the course with no experience with policy. Although the lecture content was on the assignment topics, the information was easily accessible by google. I did not attend this class and still did well. The course structure( I took this with Michael Drescher) was a group essay work 70%. I do not think this is an accurate way to assess someone's knowledge.",lecture content,easily accessible by google,Neutral,Positive,0.6481328594652869
"Bad teaching, random, disorganized, hardly any explanation of concepts, confused. You'll learn almost nothing by taking this course. Not recommended!",this course,You'll learn almost nothing,Negative,Positive,0.39287855881928857
"CS 446 is a great course for anyone who is interested in becoming a software engineer. It covers a wide range of topics including architectures, design patterns, stakeholder management, release engineering and many more. The course is mainly project-based, and the exam is really not that hard. The only downside is that the course makes you use android, which makes it hard to adhere to some of the requirements( using two architectures and two design patterns). It made me feel like I had to shoehorn them ino to meet the marks. Overall while you could learn these topics on your own, a 12-week course made super engaging meant that we were able to learn about all of these in more detail.",topics,wide range of,Positive,Neutral,0.783731951366461
"CS 446 is a great course for anyone who is interested in becoming a software engineer. It covers a wide range of topics including architectures, design patterns, stakeholder management, release engineering and many more. The course is mainly project-based, and the exam is really not that hard. The only downside is that the course makes you use android, which makes it hard to adhere to some of the requirements( using two architectures and two design patterns). It made me feel like I had to shoehorn them ino to meet the marks. Overall while you could learn these topics on your own, a 12-week course made super engaging meant that we were able to learn about all of these in more detail.",exam,not that hard,Positive,Neutral,0.5389066548684003
"She often seems angry and upset and don't have a sense of humor. Her exams are difficult, and you don't know what issues of an essay will be worth the most. Avoid taking her if possible.",She,don't have a sense of humor,Negative,Neutral,0.5171630225047649
"Great class! Very interesting subject. This professor really cares about his students and teaching. He even gave us a lecture on how to write and lit review. Big help! He also went out of his way to make time to answer questions , check articles and read lit review rough drafts. He coaches his students. Very positive. Excellent professor.",professor,"went out of his way to make time to answer questions , check articles and read lit review rough drafts",Positive,Negative,0.40088728329513795
"Great class! Very interesting subject. This professor really cares about his students and teaching. He even gave us a lecture on how to write and lit review. Big help! He also went out of his way to make time to answer questions , check articles and read lit review rough drafts. He coaches his students. Very positive. Excellent professor.",a lecture on how to write and lit review,Big help,Positive,Neutral,0.6456864717417181
"Great class! Very interesting subject. This professor really cares about his students and teaching. He even gave us a lecture on how to write and lit review. Big help! He also went out of his way to make time to answer questions , check articles and read lit review rough drafts. He coaches his students. Very positive. Excellent professor.",professor,"went out of his way to make time to answer questions , check articles and read lit review rough drafts",Positive,Negative,0.40088728329513795
She expects students to be ready to learn and be interested in English. She was helpful and interesting throughout the quarter. She pushes students to believe they can write!,She,pushes students to believe they can write,Positive,Neutral,0.5870884100421047
She expects students to be ready to learn and be interested in English. She was helpful and interesting throughout the quarter. She pushes students to believe they can write!,She,pushes students to believe they can write,Positive,Neutral,0.5870884100421047
Mr. Tovar was extremely helpful in his teaching style and usually had significant responses to coursework posted weekly. I had no issues with this instructor. The class is writing intensive and very involved. I would recommend his class for those interested in his style of teaching.,Mr. Tovar,significant responses to coursework,Positive,Negative,0.4127761491115468
Mr. Tovar was extremely helpful in his teaching style and usually had significant responses to coursework posted weekly. I had no issues with this instructor. The class is writing intensive and very involved. I would recommend his class for those interested in his style of teaching.,Mr. Tovar,no issues,Positive,Negative,0.6518029453907151
CLRS is a must. Easy if you are really interested in the subject and like solving problems 24/ 7.,CLRS,a must,Positive,Neutral,0.6571667404007452
Mr Lennox was very hepful. He's pretty obsessed with the Mac and will try to upsell you to Mac products but he also knows where the good deals are. After his first lecture you will never want to buy a machine without a UNIX core ever again.,Mr Lennox,try to upsell you to Mac products,Neutral,Positive,0.7921129498996451
Mr Lennox was very hepful. He's pretty obsessed with the Mac and will try to upsell you to Mac products but he also knows where the good deals are. After his first lecture you will never want to buy a machine without a UNIX core ever again.,Mr Lennox,pretty obsessed with the Mac,Neutral,Positive,0.7492514446455604
Honestly a very fun and interesting course. Dave Tompkins ' lectures are the great and very helpful. The course itself isn't too difficult if you've had previous experience with an imperative language but I can see how tough it would be if you had never programmed before.,course,tough it would be if you had never programmed before,Neutral,Negative,0.8085639185528152
"Demaree is an awesome nutritiom teacher. She is maily does slides in her class, and if you take all of your notes off of them you are guarunteed to do well on her tests. She is really nice and really helpful.",slides,guarunteed to do well on her tests,Positive,Neutral,0.4627334455201057
Not even economics. Just grade 11 math problems. I found it difficult bc the content was so dry and boring to study for. If you pretty much memorize the textbook problems youll do well. This course was very dry however. Take actual econ courses if youre interested.,This course,Just grade 11 math problems,Negative,Neutral,0.7872230852627904
"Half the glass dropped, Unorganized, Lots of assignments, Not fair on grading, Projects require a lot of time with little guidance, She's on edge a lot, I love all my professors and classes but this one I truly hated. I would never take her class again. DO NOT TAKE!!",assignments,Lots of,Negative,Neutral,0.6093241504995043
"Half the glass dropped, Unorganized, Lots of assignments, Not fair on grading, Projects require a lot of time with little guidance, She's on edge a lot, I love all my professors and classes but this one I truly hated. I would never take her class again. DO NOT TAKE!!",grading,Not fair,Negative,Positive,0.4927460599626064
"Not an easy class, need to keep up on homework and workbook, but Deb's an excellent teacher with a lot of experience in the field. She uses many different teaching techniques and tools to help students learn, and is not tolerant of those that don't. I highly recommend her courses.",Deb's,not tolerant of those that don't,Neutral,Negative,0.6156441530523716
It's super easy and there aren't that many assignments. The readings are pretty pointless which is annoying because we had to buy them. Otherwise it tells you a lot about the different business sectors which is good to be informed about.,assignments,aren't that many,Positive,Neutral,0.8549292888313373
It's super easy and there aren't that many assignments. The readings are pretty pointless which is annoying because we had to buy them. Otherwise it tells you a lot about the different business sectors which is good to be informed about.,readings,had to buy,Negative,Neutral,0.5561817039128155
It's super easy and there aren't that many assignments. The readings are pretty pointless which is annoying because we had to buy them. Otherwise it tells you a lot about the different business sectors which is good to be informed about.,different business sectors,tells you a lot about,Positive,Negative,0.4518746239333656
"Personally I thought the course was really easy-- at first. But don't let yourself slack off, because otherwise you will find yourself easily confused and lost as you fall further behind. Material gets harder as course moves along. Course material is still very relevant in other courses and in the future.",course,easily confused and lost,Neutral,Negative,0.945072048945769
"Personally I thought the course was really easy-- at first. But don't let yourself slack off, because otherwise you will find yourself easily confused and lost as you fall further behind. Material gets harder as course moves along. Course material is still very relevant in other courses and in the future.",Material,gets harder,Neutral,Negative,0.7974605900603935
I personally really liked the content! Assessments were fine as long as you went through the material and thought about it.,Assessments,fine,Neutral,Positive,0.5091741376034965
"Cool course, interesting stuff. Professor Faber was great, and he quickly got the hang of making PowerPoint slides. 2 easy assignments, 4 also easy tests. And weekly response posts. Overall good experience",Professor Faber,quickly got the hang of making PowerPoint slides,Positive,Negative,0.5556603627278106
"I've had a great experience so far. Good selection of societies, good Student Guild, lots of career services, good wifi. Pretty campus- love how close it is to Exmouth beach and cornwall. Plenty of opportunity to explore the beauty of the South West of England. Had no issues with teaching and have enjoyed my first and second year studying English. Plenty of opportunities to get involved in societies and meet likeminded people!",career services,lots of,Positive,Neutral,0.6971148097809786
"I've had a great experience so far. Good selection of societies, good Student Guild, lots of career services, good wifi. Pretty campus- love how close it is to Exmouth beach and cornwall. Plenty of opportunity to explore the beauty of the South West of England. Had no issues with teaching and have enjoyed my first and second year studying English. Plenty of opportunities to get involved in societies and meet likeminded people!",teaching,no issues,Positive,Negative,0.8362180437389501
Easy course and very basic but you will learn something,course,very basic,Negative,Neutral,0.7322329779211173
"Hist 113 was not super useful but quite easy to follow. It was an 8 : 30 class so often it was a bit difficult to actually get up to go to class and/ or not fall asleep during. Included a midterm, a final and 2 papers.",Hist 113,not super useful,Negative,Neutral,0.4139560286763416
"Good: Attendance NOT mandatory, easy + blended class, approachable. Bad: SLOW GRADER, limited and unclear feedback, does not check email, inflexible with argument topics, teaches nothing in class, completely useless! My grade would be better if he provided timely feedback. We were on our 7th assignment when he graded the 3rd! Grade Approx: B-",Attendance,NOT mandatory,Positive,Neutral,0.9064557401641756
"Took this one over j-term. Not that I know what a full semester of this class is like, but I was very happy it was only 3 weeks long. The plan is a pain, but the exams were fair. Pretty easy to succeed if you put some effort in... and at least she tries to keep things light in the classroom- not a total bore.",only 3 weeks long,very happy,Positive,Negative,0.6811989815258026
"Took this one over j-term. Not that I know what a full semester of this class is like, but I was very happy it was only 3 weeks long. The plan is a pain, but the exams were fair. Pretty easy to succeed if you put some effort in... and at least she tries to keep things light in the classroom- not a total bore.",she,not a total bore,Positive,Negative,0.8016445803849284
"This is one of the easier courses of 1A, if you had some prior programming knowledge beforehand you are set. Projects and quizzes are basically free marks, you would need to try to fail this course if I'm being honest but perhaps I'm being biased because I had previous c++ experience. Overall a good course.",Projects and quizzes,basically free marks,Positive,Neutral,0.4598884427445512
"This is one of the easier courses of 1A, if you had some prior programming knowledge beforehand you are set. Projects and quizzes are basically free marks, you would need to try to fail this course if I'm being honest but perhaps I'm being biased because I had previous c++ experience. Overall a good course.",this course,would need to try to fail,Positive,Negative,0.5180698804235518
This is a management class and he goes on and on giving environmental statistics. He is an extremely tough marker.,he,goes on and on giving environmental statistics,Negative,Neutral,0.5828138768457667
I had a lot of experience with the material before class so it seemed simple to me. A lot depends on how good of a TA you have. Mine seemed to really love himself& made people feel stupid for asking questions.,class,seemed simple,Positive,Neutral,0.4334804136023913
I had a lot of experience with the material before class so it seemed simple to me. A lot depends on how good of a TA you have. Mine seemed to really love himself& made people feel stupid for asking questions.,TA,really love himself,Negative,Positive,0.7601475875613238
"Least homework out of most courses, so you may need to spend extra time studying. Covers virtually all single-variable calculus, at a fairly fast pace, so make sure to keep up.",homework,Least,Positive,Negative,0.7039380060302297
"Least homework out of most courses, so you may need to spend extra time studying. Covers virtually all single-variable calculus, at a fairly fast pace, so make sure to keep up.",pace,fairly fast,Neutral,Positive,0.35896078777430324
It was an interesting course and the philosophical along with the mathematical approach to game theory was nice to consider.,philosophical along with the mathematical approach to game theory,nice to consider,Positive,Neutral,0.6665910727666571
"Very funny old fellow with a good sense of humor. Relates everything to accounting. Very up to date about the current economic crisis and is very intelligent. However, his teaching style for introduction to accounting can be confusing. He uses his own teaching methods which are totally different from your average t-accounts. I'd say yes , take him!",He,Relates everything to accounting,Neutral,Positive,0.6829832289984472
"Very funny old fellow with a good sense of humor. Relates everything to accounting. Very up to date about the current economic crisis and is very intelligent. However, his teaching style for introduction to accounting can be confusing. He uses his own teaching methods which are totally different from your average t-accounts. I'd say yes , take him!",his own teaching methods,totally different from your average t-accounts,Neutral,Negative,0.5569239774276764
"This course was like a continuation of algorithms, with a focus on applications to bioinformatics. It is heavy on theory and the exam was full of questions on algorithm runtimes. But it is also a solid introduction to bioinformatics and teaches sequence alignment, homology search, proteomics, and phylogeny.",theory,heavy on,Negative,Neutral,0.49520672466385157
"Incredibly easy to pass, but if you're trying to go to grad school and need decent marks, this isn't the class for you. If this is mandatory because you're in ARBUS, good luck. No matter how hard you try and follow the textbook, they will find things to criticize. These things are all out of your control and are all subjective, such as"" tone"" or"" Friendliness"". Didn't include a bulleted list in your assignment? There goes 20%. None of the information presented will actually be used in a real-life scenario, I showed my boss one of our assignments and he said if you had followed that format, he wouldn't even read it. No one I know has gotten above an 80 on ANY of the personal assignments and everyone seems to linger around the 65-75 range, ONLY to be brought up by weekly"" summary reports"". The whole idea of a ' fake company ' is idiotic, there's no context to the company and we have no interest in it since we don't actually work there. How can you make weekly group assignments for an online class, and then organize a 15-20 page assignment at the end as a group when half your class might be in another province. If you're like any other student that has to take this class, you've already had your first co-op term and know how to communicate in a business environment. This class is worthless since your communication habits have already been established.",decent marks,this isn't the class for you,Negative,Neutral,0.5744369774686938
"Incredibly easy to pass, but if you're trying to go to grad school and need decent marks, this isn't the class for you. If this is mandatory because you're in ARBUS, good luck. No matter how hard you try and follow the textbook, they will find things to criticize. These things are all out of your control and are all subjective, such as"" tone"" or"" Friendliness"". Didn't include a bulleted list in your assignment? There goes 20%. None of the information presented will actually be used in a real-life scenario, I showed my boss one of our assignments and he said if you had followed that format, he wouldn't even read it. No one I know has gotten above an 80 on ANY of the personal assignments and everyone seems to linger around the 65-75 range, ONLY to be brought up by weekly"" summary reports"". The whole idea of a ' fake company ' is idiotic, there's no context to the company and we have no interest in it since we don't actually work there. How can you make weekly group assignments for an online class, and then organize a 15-20 page assignment at the end as a group when half your class might be in another province. If you're like any other student that has to take this class, you've already had your first co-op term and know how to communicate in a business environment. This class is worthless since your communication habits have already been established.",you're in ARBUS,good luck,Negative,Positive,0.5981109113762961
"Very knowledgeable Prof. Interesting class, never gets boring. Best Structures class I have ever had. He is also very fair in terms of marking and really Cares about the students. He remembers students names and listens to all the requests that students have. If you study his materials and attend the class you will get an A.",class,never gets boring,Positive,Negative,0.9071597189167917
"Very knowledgeable Prof. Interesting class, never gets boring. Best Structures class I have ever had. He is also very fair in terms of marking and really Cares about the students. He remembers students names and listens to all the requests that students have. If you study his materials and attend the class you will get an A.",Prof.,remembers students names,Positive,Negative,0.6111110884780844
"Very interesting class, but in order to get an A, you basically need to have the textbook memorized !!! The exams were stressful, and I barely managed an A in the class. It would be very helpful if Prof. Washington put together a midterm/ final study guides!",to get an A,you basically need to have the textbook memorized !!!,Negative,Neutral,0.9374332238657267
"She is one of , if not the , best professors at the college. She is extremely nice and easy to talk to. I can't wait to take her again. Study and you will do fine.",professors,I can't wait to take her again,Positive,Negative,0.5159679287488566
Easiest course ever!! Forces you to brainstorm ideas( which is a good thing) for 4th year design project. Show up to class once in a while and get 100 %!,course,get 100 %!,Positive,Negative,0.4381305037224323
"His lectures are captivating and shows that he really has a passion for history. There are no in class exams. He assigns four 5-7 page papers and weekly discussions on blackboard. There is a clear grading criteria for the essays. There is a suggested textbook that is not mandatory, but I recommend getting it anyway.",His lectures,captivating,Positive,Negative,0.5598846144656136
"I’ve enjoyed my time at Exeter. Excellent facilities and responsive careers service. Lots of variety in societies and good internet across campus. COVID put a dampener on the societies, but that’s not the unis fault. I have never really interacted with the union but I hear they are ok.",societies,put a dampener,Neutral,Positive,0.5784722592929403
"Marketing Majors beware, you will learn the bare minimal from Maggie about marketing but will gain tons of knowledge about her home / family life ... joy. She takes attendance for a class that, when taught by her, does not require attendance to understand what is going on. Takes forever to grade, can be moody, and seems to enjoy to argue with you.",Maggie,learn the bare minimal from,Negative,Positive,0.3650507787548614
"Marketing Majors beware, you will learn the bare minimal from Maggie about marketing but will gain tons of knowledge about her home / family life ... joy. She takes attendance for a class that, when taught by her, does not require attendance to understand what is going on. Takes forever to grade, can be moody, and seems to enjoy to argue with you.",Maggie,gain tons of knowledge about her home / family life ...,Negative,Positive,0.7171329820309442
"Marketing Majors beware, you will learn the bare minimal from Maggie about marketing but will gain tons of knowledge about her home / family life ... joy. She takes attendance for a class that, when taught by her, does not require attendance to understand what is going on. Takes forever to grade, can be moody, and seems to enjoy to argue with you.",Maggie,seems to enjoy to argue with you,Negative,Positive,0.39917015900337327
"This class is called SMALL GROUP COMMUNICATION, there is a great deal of group work, but thats what the class is about so its to be expected. She gives really great feedback on assignments and she tries to foster a very discussion based environment.",group work,great deal,Neutral,Positive,0.7794537385493129
"This class is called SMALL GROUP COMMUNICATION, there is a great deal of group work, but thats what the class is about so its to be expected. She gives really great feedback on assignments and she tries to foster a very discussion based environment.",group work,to be expected,Neutral,Negative,0.48842789464195513
"Great teacher but hard on assignments. No nonsense. He does not like people coming in late, using their phone in class, or chatting.",teacher,No nonsense,Positive,Negative,0.7930273227189595
Great course and great professor. Very interesting class. Grading based on textbook reading and movie review. Unlike any other class I've taken. He is a great professor who gives immediate feedback and grades fairly. I would highly recommend taking this class.,Grading,Unlike any other class I've taken,Neutral,Negative,0.6891948229191343
Teacher is young and fun! She wants you to take responsibility for your own work but is willing to help when you ask for it. 4 papers to write in english 101. Our class is one she will never forget!,Our class,one she will never forget,Positive,Negative,0.7712966288869146
"strong knowledge in physics is required to do well! Lab is very hands on however, the lab report requires alot of time and effort to do well!",Lab,very hands on,Neutral,Negative,0.506724606736779
"strong knowledge in physics is required to do well! Lab is very hands on however, the lab report requires alot of time and effort to do well!",lab report,requires alot of time and effort to do well,Negative,Neutral,0.5638226541981572
"Strengths of Materials is a required course for just about every engineering major here. Homework policy goes as follows: get 50% or more on all of your assignments or she'll drop you down a letter grade. STAY UP-TO-DATE ON ABSOLUTELY EVERYTHING. The homework assignments will take hours, don't procrasturbate. Tests are rough, study hard. BELIEVE",homework assignments,will take hours,Negative,Positive,0.5180868683082039
"Amazing prof! Very enthusiastic and passionate. Makes you work hard and think for yourself. Can be arrogant and sarcastic, but is still overall entertaining and makes you want to succeed!",prof,Makes you work hard and think for yourself,Positive,Negative,0.4135956315071827
"She is the best. Very very nice and helpful. She is what a teacher should be :) Love her!! Her class is easy, not a lot of reading, just come to class and do your work:)",She,what a teacher should be :),Positive,Negative,0.479480299845759
"She is the best. Very very nice and helpful. She is what a teacher should be :) Love her!! Her class is easy, not a lot of reading, just come to class and do your work:)",reading,not a lot,Positive,Neutral,0.5280503610362163
The medicine cause is too PBL-based. I personally prefer the traditional lecture-based approach.,traditional lecture-based approach,prefer,Positive,Neutral,0.5159948074380739
Excellent resource and very helpful with difficult concepts. I benefited tremendously from this course,this course,benefited tremendously,Positive,Negative,0.5936768113577002
"Exeter offers competitive and rigorous courses that are relevant to the real world and I feel that the skills I have acquired will benefit me dramatically in the future. The career zone offers great support with 1: 1 meetings and reviews on CVs, Application and advice on the interview process for jobs; this helped me get my first work experience placement during the Easter holidays. The campus is very green and modern, the town offers great amenities and it’s not too far from the beach! I’ve had a great time.",courses,competitive and rigorous,Positive,Neutral,0.49120208696924533
"Exeter offers competitive and rigorous courses that are relevant to the real world and I feel that the skills I have acquired will benefit me dramatically in the future. The career zone offers great support with 1: 1 meetings and reviews on CVs, Application and advice on the interview process for jobs; this helped me get my first work experience placement during the Easter holidays. The campus is very green and modern, the town offers great amenities and it’s not too far from the beach! I’ve had a great time.",town,not too far from the beach,Positive,Negative,0.6016201033038903
"Very theory-based content and although they do apply some of it to science in some questions, I don't really see the need for us to take this course. 32 % of the class failed the midterm and they didn't curve. Exam was easier to make up for this.",content,Very theory-based,Negative,Neutral,0.6009113232618821
"Very theory-based content and although they do apply some of it to science in some questions, I don't really see the need for us to take this course. 32 % of the class failed the midterm and they didn't curve. Exam was easier to make up for this.",midterm,didn't curve,Negative,Neutral,0.4773357755168029
"don't expect to do well in this class, even though it's a joke",this class,don't expect to do well,Negative,Neutral,0.7620085464410086
"don't expect to do well in this class, even though it's a joke",this class,it's a joke,Negative,Neutral,0.42568408923368894
"Pay attention in class, and study that character list well. Lots of words, but it's not hard if you don't forget them.",character list,it's not hard,Positive,Neutral,0.5357435889466974
"Pay attention in class, and study that character list well. Lots of words, but it's not hard if you don't forget them.",character list,Lots of words,Negative,Neutral,0.5618224440522719
"If you are ready to spend a lot in art materials, take her class. She is never happy with your ideas or your final work, she loves to argue. She needs to understand that we are not in class to PLEASE HER, we are in college to learn. Instead of critiquing us, she has to do more explaining and show examples of her expectations before any critique:(",her class,spend a lot in art materials,Negative,Neutral,0.3616173690489315
"If you are ready to spend a lot in art materials, take her class. She is never happy with your ideas or your final work, she loves to argue. She needs to understand that we are not in class to PLEASE HER, we are in college to learn. Instead of critiquing us, she has to do more explaining and show examples of her expectations before any critique:(",she,loves to argue,Negative,Positive,0.7950235599956826
Linear algebra is too abstract to approach,Linear algebra,too abstract,Negative,Neutral,0.5964437273562422
Good class. I was able to use almost everything from this class in my internship this past summer. Definitely recommend.,this class,was able to use almost everything from,Positive,Negative,0.5816533947124718
He is very passionate about the topic so sometimes he goes into a little more detail than you actually need. Make sure you attend his class because most of the material is not in his slides.,he,goes into a little more detail than you actually need,Negative,Neutral,0.7666145693477796
"Good teacher. Fast paced, definitely not boring. Expects a lot of participation, mandatory attendance. Tests are easy if you've actually been following along. Good spanish 2 prof",spanish 2 prof,Fast paced,Neutral,Negative,0.8242663342843771
"Good teacher. Fast paced, definitely not boring. Expects a lot of participation, mandatory attendance. Tests are easy if you've actually been following along. Good spanish 2 prof",spanish 2 prof,definitely not boring,Positive,Negative,0.8619608796542658
"As a management engineer who has never programmed in C nor C++ in his life, I felt the course was quite challenging but very interesting. My friends( who are also management engineers) really enjoyed the labs although they were really time consuming. The labs included creating a multi-threaded web crawler and other concurrent programs( multi-process, shared memory, async, etc). Our lab marks were in the mid to high 90's so we felt the marking was fair and the labs were do-able. However with that being said, some labs took my lab partner and I 50 + hours to complete. The midterm was challenging but not impossible if you study hard for it. Make sure you complete lab 1 because the next few labs require building on top of your previous existing ones! Make sure you modularize your code.",labs,do-able,Positive,Neutral,0.48174848686936883
"As a management engineer who has never programmed in C nor C++ in his life, I felt the course was quite challenging but very interesting. My friends( who are also management engineers) really enjoyed the labs although they were really time consuming. The labs included creating a multi-threaded web crawler and other concurrent programs( multi-process, shared memory, async, etc). Our lab marks were in the mid to high 90's so we felt the marking was fair and the labs were do-able. However with that being said, some labs took my lab partner and I 50 + hours to complete. The midterm was challenging but not impossible if you study hard for it. Make sure you complete lab 1 because the next few labs require building on top of your previous existing ones! Make sure you modularize your code.",some labs,50 + hours to complete,Negative,Neutral,0.49460656287659155
"As a management engineer who has never programmed in C nor C++ in his life, I felt the course was quite challenging but very interesting. My friends( who are also management engineers) really enjoyed the labs although they were really time consuming. The labs included creating a multi-threaded web crawler and other concurrent programs( multi-process, shared memory, async, etc). Our lab marks were in the mid to high 90's so we felt the marking was fair and the labs were do-able. However with that being said, some labs took my lab partner and I 50 + hours to complete. The midterm was challenging but not impossible if you study hard for it. Make sure you complete lab 1 because the next few labs require building on top of your previous existing ones! Make sure you modularize your code.",midterm,not impossible,Positive,Neutral,0.5370982724493576
"This class is cool, I've learned a little bit, but he doesn't really force you to learn that much. There are assignments due almost every friday, but they are pretty easy and he grades them easily. He usually lets you out early everyday, and there are computers in the class room, Usually he doesn't even teach one or two days a week,",This class,I've learned a little bit,Neutral,Negative,0.5461044644403675
"This class is cool, I've learned a little bit, but he doesn't really force you to learn that much. There are assignments due almost every friday, but they are pretty easy and he grades them easily. He usually lets you out early everyday, and there are computers in the class room, Usually he doesn't even teach one or two days a week,",he,doesn't really force you to learn that much,Neutral,Negative,0.5753878815272542
The university offers rich resources for a good understanding of the subjects. The faculties are supportive and the state of the art facilities for class and seminars are of remarkable standards.,seminars,remarkable standards,Positive,Neutral,0.5591241616884302
The content COULD be interesting if it wasn't taught so dully. Useful for MODS.,content,COULD be interesting,Neutral,Positive,0.5789415167217458
"Had Prof. Leanne Hagarty during the term where everyone got sent home for COVID-19. Lecture content is more interesting than 111, I feel like Hagarty is a better lecturer than Sofy and 111. Lab blocks absolutely killed it for me. I didn't like the TA and group work kind of sucked because of that. Midterm and quizzes are the same type as 111, assignments are of the same structure as well. Course is extremely TA dependent, you could have a blast if you have a good lab.",Midterm and quizzes,the same type as 111,Neutral,Negative,0.6972693417269376
"Had Prof. Leanne Hagarty during the term where everyone got sent home for COVID-19. Lecture content is more interesting than 111, I feel like Hagarty is a better lecturer than Sofy and 111. Lab blocks absolutely killed it for me. I didn't like the TA and group work kind of sucked because of that. Midterm and quizzes are the same type as 111, assignments are of the same structure as well. Course is extremely TA dependent, you could have a blast if you have a good lab.",Course,extremely TA dependent,Neutral,Negative,0.46951746177814335
Professor DeBlasio is by far the best Mercy has to offer. She is willing to help any student at anytime if they are willing to try. Mercy is a Catholic college and she does teach religion classes so a christian insight should be expected.,Professor DeBlasio,a christian insight should be expected,Neutral,Positive,0.5557109702548444
"Content was not that interesting. You had to write a fair bit as well, and that involves primary source research and citations. Overall I would have expected a bird course like this to be more chill. The readings were annoying to do as well. There were online quizzes for the content modules, and sometimes it wasn't clear where the answers were coming from. I ended up CTRL+ F most of the questions in the modules and reading material just to figure out the answer.",Content,not that interesting,Negative,Neutral,0.6559627991876719
"Content was not that interesting. You had to write a fair bit as well, and that involves primary source research and citations. Overall I would have expected a bird course like this to be more chill. The readings were annoying to do as well. There were online quizzes for the content modules, and sometimes it wasn't clear where the answers were coming from. I ended up CTRL+ F most of the questions in the modules and reading material just to figure out the answer.",write,a fair bit,Negative,Neutral,0.4050181921744881
"Content was not that interesting. You had to write a fair bit as well, and that involves primary source research and citations. Overall I would have expected a bird course like this to be more chill. The readings were annoying to do as well. There were online quizzes for the content modules, and sometimes it wasn't clear where the answers were coming from. I ended up CTRL+ F most of the questions in the modules and reading material just to figure out the answer.",course,more chill,Negative,Neutral,0.5377352380953764
"Life changing experience. Lots of inspirations and motivates you to become better. Do the work , get the credit. Don't be lazy in Mike's class. Don't expect an A if you don't want to shoot, simple as that.",Mike's class,"Do the work , get the credit",Neutral,Positive,0.4874665426297118
"Life changing experience. Lots of inspirations and motivates you to become better. Do the work , get the credit. Don't be lazy in Mike's class. Don't expect an A if you don't want to shoot, simple as that.",Mike's class,Don't expect an A if you don't want to shoot,Neutral,Negative,0.5663254742480403
"80 % = A in her class. Would give out an extra 10 % if you turned in your final essay early. Always had extra credit on exams. OPEN NOTE TESTS( 1 page, front and back)",her class,80 % = A,Neutral,Positive,0.5110408894711945
she is always willing to help and stays after class,she,stays after class,Positive,Negative,0.7900860932479481
"Pollock is tough. Just because he is not a cakewalk like most general education classes are doesn't mean he is a bad teacher. Ya you read a lot, but its good for you in the long run. If you read and just try your hardest you will be fine. Also, he cares very much about his students. To this day I haven't seen a prof like that besides him",Pollock,I haven't seen a prof like that besides him,Positive,Negative,0.4286322763195731
"Pollock is tough. Just because he is not a cakewalk like most general education classes are doesn't mean he is a bad teacher. Ya you read a lot, but its good for you in the long run. If you read and just try your hardest you will be fine. Also, he cares very much about his students. To this day I haven't seen a prof like that besides him",Pollock,not a cakewalk,Neutral,Negative,0.520902733447295
"Pollock is tough. Just because he is not a cakewalk like most general education classes are doesn't mean he is a bad teacher. Ya you read a lot, but its good for you in the long run. If you read and just try your hardest you will be fine. Also, he cares very much about his students. To this day I haven't seen a prof like that besides him",Pollock,doesn't mean he is a bad teacher,Positive,Negative,0.6825427868668494
"Pollock is tough. Just because he is not a cakewalk like most general education classes are doesn't mean he is a bad teacher. Ya you read a lot, but its good for you in the long run. If you read and just try your hardest you will be fine. Also, he cares very much about his students. To this day I haven't seen a prof like that besides him",read,a lot,Negative,Neutral,0.7313602491672269
Very Poor teaching skills. She reads straight from the book and doesn't know how to help when you ask questions. Avoid !,She,reads straight from the book,Negative,Neutral,0.441129332247774
"Useful course, but did not like it. Lectures were hard to follow and only made sense till one actually gets his hands dirty and does the assignments. The assignments are nice and are must-do in order to understand the material.",assignments,must-do in order to understand the material,Positive,Negative,0.4032749160680209
LOTS OF WORK. BUT she is an awesome professor you can gain alot of knowledge in this class very interactive and worth taken best class i have taken so far. She gives alot of work but is very understanding all you have to do is talk to her make sure you form a good relationship. once again she is AWESOME anyone who says other wise is full of B. S,this class,you can gain alot of knowledge,Positive,Neutral,0.5261971532455525
"Currently taking this course online and all we get are handouts. You basically just read the handout and answer the discussion question at the end of the handout. On top of that there are also some textbook readings. Kinda boring and dry. Also had to do some extra research about topics since the handouts are difficult to understand( at least for me). There are also 3 tests in total which are very heavy weighted, making them count for 85% of your grade( first test-30%/ second test-30%/ third test-25%). They consist of short answer, long answer and/ or essay questions. The rest of the 15% is from your discussions. Would not recommend if you're not that into philosophy.",tests,very heavy weighted,Negative,Neutral,0.5170118137810423
"This course will touch upon everything you did in a CS degree, especially if you took courses like security and networks before. I didn't really enjoy it because you jump from topic to topic , sometimes with very little connection. There are a lot of details unanswered and the textbook is limited in it's use. In terms of assignments, 2 of them will take up quite a lot of your time.",This course,touch upon everything you did in a CS degree,Neutral,Positive,0.41586277880012607
"This course will touch upon everything you did in a CS degree, especially if you took courses like security and networks before. I didn't really enjoy it because you jump from topic to topic , sometimes with very little connection. There are a lot of details unanswered and the textbook is limited in it's use. In terms of assignments, 2 of them will take up quite a lot of your time.",textbook,limited in it's use,Negative,Neutral,0.5075761034540641
"He's an awful instructor. He didnt know what he was talking about half the time, he just liked the sound of his own voice. He was always late and frequently absent and yet a very tough grader. His passion is drama, he likes to act and thats what he should stick to because i felt that he was an awful speech prof.",drama,thats what he should stick to,Neutral,Negative,0.5955001513680022
"Pretty useful. Good introduction to Python after coming from Racket in CS115. Teaches fundamental concepts that you can transfer to other languages as well. Some assignments can be VERY time consuming. Overall, it's not a hard course.",concepts,you can transfer to other languages,Positive,Neutral,0.6208355117637738
Love her. She is passionate about education in general. Wants her students to learn the most up to date strategies to use in the classroom. The assignments completed in her class are things that I will use in my own classroom. Every lesson and assignment had purpose!!! Great professor. The others at this university could learn from her.,assignments,things that I will use in my own classroom,Positive,Negative,0.7744971447815656
Love her. She is passionate about education in general. Wants her students to learn the most up to date strategies to use in the classroom. The assignments completed in her class are things that I will use in my own classroom. Every lesson and assignment had purpose!!! Great professor. The others at this university could learn from her.,professor,The others at this university could learn from her,Positive,Negative,0.5118346786566637
"Took this is a TE in 4A as a BME student. I'd say it's useful because I've seen some of these things in co-op terms when working for a company building an embedded device. Overall, I thought it was interesting. It's not an easy course but it's easy to get a decent mark with a moderate amount of studying. There's a lot of previous midterms and finals available so you'll know almost exactly how you'll be tested on the material, making it easy to study for.",previous midterms and finals,a lot of,Positive,Negative,0.5453073961218068
"He is one who loves math and is crazy about it , but in a good way. He is not just another prof doing a job he actually enjoys math.",He,"loves math and is crazy about it , but in a good way",Positive,Neutral,0.5063682278263926
"He is one who loves math and is crazy about it , but in a good way. He is not just another prof doing a job he actually enjoys math.",He,not just another prof doing a job,Positive,Negative,0.5955469338005912
"He tends to mumble a bit and at first he was a bit hard to understand , but you get used to it. He does teach out of the textbook, but considering the tests are basically the problems he does and the textbook is written by a fellow professor, he does the best he can. The TA does most of the teaching anyways with any math class.",He,teach out of the textbook,Neutral,Negative,0.3671550529690892
"Had this in F18. Not an exciting course but is arguably the most important for mech eng( along with it's 1B counterpart, ME 101). Course is demanding in the sense of how many hours go into it. It is by far the easiest course in 1A. It's also weighted more than the other courses and helps to boost your avg. The DCAP side of things were dry but very useful. Report writing is important for co-ops and most courses in the program. Not a ton of freedom for the project( building a toy) but it was fun. EGAD is also useful( besides freehand sketching), but it was not run very well. Most of the grading is subjective, and the TAs can be very inconsistent or downright rude. Tests were easy.",DCAP,dry but very useful,Neutral,Negative,0.7058516468422509
"Had this in F18. Not an exciting course but is arguably the most important for mech eng( along with it's 1B counterpart, ME 101). Course is demanding in the sense of how many hours go into it. It is by far the easiest course in 1A. It's also weighted more than the other courses and helps to boost your avg. The DCAP side of things were dry but very useful. Report writing is important for co-ops and most courses in the program. Not a ton of freedom for the project( building a toy) but it was fun. EGAD is also useful( besides freehand sketching), but it was not run very well. Most of the grading is subjective, and the TAs can be very inconsistent or downright rude. Tests were easy.",Report writing,important,Positive,Neutral,0.6143054328813771
"Had this in F18. Not an exciting course but is arguably the most important for mech eng( along with it's 1B counterpart, ME 101). Course is demanding in the sense of how many hours go into it. It is by far the easiest course in 1A. It's also weighted more than the other courses and helps to boost your avg. The DCAP side of things were dry but very useful. Report writing is important for co-ops and most courses in the program. Not a ton of freedom for the project( building a toy) but it was fun. EGAD is also useful( besides freehand sketching), but it was not run very well. Most of the grading is subjective, and the TAs can be very inconsistent or downright rude. Tests were easy.",project,Not a ton of freedom,Negative,Neutral,0.5127774206316895
"Fun, online course. Not too much work, some interesting topics on german culture.",work,Not too much,Positive,Negative,0.6230347336785382
"Great course on( single-input single-output) feedback control systems, with a heavy focus on pole placement and design and analysis in the frequency domain. A good understanding of the prereq can get you pretty far into the first third or so of the course but there's a pretty large amount of material to learn afterward. Keeping up with the weekly problem sets and quizzes is highly recommended. Exam questions are often recycled from past stuff with a few numbers changed, so having a good understanding of the course week-by-week is extremely beneficial over catching up last minute. The tutorials and lectures are also helpful. Course notes are well-written and good for any details you missed or extra exercises you might want.",A good understanding of the prereq,can get you pretty far into the first third or so,Neutral,Positive,0.4517350337555782
everything is up to par as you'd expect for a Russell group university.,everything,up to par as you'd expect for a Russell group university,Positive,Neutral,0.6886099072803147
"Online course delivery was similar to Math137/8- slow, online Mobius videos. For the most part, the videos covered everything you need but for some weeks the videos were scuffed in that they assumed you had knowledge that you didn't have yet- in these cases, I'd recommend taking a look in the textbook. Greg Rice's in-person , weekly tutorials were godly- they covered the whole week's content+ good examples+ some hints about what to expect on the exams. Overall, the course was pretty light imo though I know some people struggled with the timing on exams( not enough time to finish), so make sure you practice that when prepping for exams. My biggest piece of advice( for online delivery) would be to get used to using R commands for calculating distributions- they make your life a lot easier & save time on exams.",Online course delivery,online Mobius videos,Neutral,Negative,0.7524555559122085
"Excellent facilities, good communication. ELE and iExeter could be improved",ELE and iExeter,could be improved,Negative,Positive,0.6699909452146424
"Took this class fall of 2011. Do the work, come to class, pay attention and you'll do fine. I really liked him as a teacher, and he actually made me like chemistry. Thanks Dr. Durivage!",this class,you'll do fine,Positive,Neutral,0.5083720712316453
"AMAZING TEACHER! she is a great lecturer, she teaches like she is telling one giant story which makes it easy to follow along and remember. Take good notes because her exams are detailed. She is very specific with what she wants but is very good with her office hours. Her essay assignments aren't bad and she will read over your drafts. TAKE HER!",her exams,detailed,Neutral,Negative,0.5003340182616642
"AMAZING TEACHER! she is a great lecturer, she teaches like she is telling one giant story which makes it easy to follow along and remember. Take good notes because her exams are detailed. She is very specific with what she wants but is very good with her office hours. Her essay assignments aren't bad and she will read over your drafts. TAKE HER!",what she wants,very specific with,Neutral,Negative,0.5724083233991284
"AMAZING TEACHER! she is a great lecturer, she teaches like she is telling one giant story which makes it easy to follow along and remember. Take good notes because her exams are detailed. She is very specific with what she wants but is very good with her office hours. Her essay assignments aren't bad and she will read over your drafts. TAKE HER!",TEACHER,will read over your drafts,Positive,Negative,0.568549607316023
"I'm doing well in her class ONLY because I read all the chapters that are going to be on the test right before I take it. If you don't do the reading , you're going to fail. She lectures and all of the info is in the textbook. I don't even bother taking notes. I just read the chapters and I've gotten an A on all the tests.",read the chapters,I've gotten an A on all the tests,Positive,Neutral,0.6437203091340442
"This course was a legitimate roller coaster of stress. This is my own fault but I left the first lab activity until the day of and freaked out over the amount of work that had to be done. About a month after I finished that activity( and after I had handed in 3 extra assignments) I got the first lab activity back, and my TA docked marks for stuff I didn't know I needed to include( because it wasn't in the rubric). About half way through I honestly considered dropping it but I'm glad I didn't because after the first couple assignments it gets so much less stressful. I almost bombed the first lab report but got almost perfect on the second one so I cant complain too much. After I got my first lab back I found out I got reported to the dean for an academic offence because I didn't cite something properly, and then I found out the TAs went crazy with reporting and almost half the class thought they were gonna get kicked out of school. Unnecessary stress honestly. Most of the stuff isn't clear in terms of the rubric, but the experiment post labs are easy 90s so that will bump your mark up if you didn't do great on the first lab report.",considered dropping it,I'm glad I didn't,Positive,Negative,0.7342779194391386
"This course was a legitimate roller coaster of stress. This is my own fault but I left the first lab activity until the day of and freaked out over the amount of work that had to be done. About a month after I finished that activity( and after I had handed in 3 extra assignments) I got the first lab activity back, and my TA docked marks for stuff I didn't know I needed to include( because it wasn't in the rubric). About half way through I honestly considered dropping it but I'm glad I didn't because after the first couple assignments it gets so much less stressful. I almost bombed the first lab report but got almost perfect on the second one so I cant complain too much. After I got my first lab back I found out I got reported to the dean for an academic offence because I didn't cite something properly, and then I found out the TAs went crazy with reporting and almost half the class thought they were gonna get kicked out of school. Unnecessary stress honestly. Most of the stuff isn't clear in terms of the rubric, but the experiment post labs are easy 90s so that will bump your mark up if you didn't do great on the first lab report.",after the first couple assignments,gets so much less stressful,Positive,Negative,0.8110611304789583
"This course was a legitimate roller coaster of stress. This is my own fault but I left the first lab activity until the day of and freaked out over the amount of work that had to be done. About a month after I finished that activity( and after I had handed in 3 extra assignments) I got the first lab activity back, and my TA docked marks for stuff I didn't know I needed to include( because it wasn't in the rubric). About half way through I honestly considered dropping it but I'm glad I didn't because after the first couple assignments it gets so much less stressful. I almost bombed the first lab report but got almost perfect on the second one so I cant complain too much. After I got my first lab back I found out I got reported to the dean for an academic offence because I didn't cite something properly, and then I found out the TAs went crazy with reporting and almost half the class thought they were gonna get kicked out of school. Unnecessary stress honestly. Most of the stuff isn't clear in terms of the rubric, but the experiment post labs are easy 90s so that will bump your mark up if you didn't do great on the first lab report.",experiment post labs,will bump your mark up,Positive,Negative,0.5663717027349825
"She is really new and usually she seems really unprepared and maybe nervous. You have to do the reading for this class and when people don't, she yells at the class a lot. Not very approachable and seems like she doesn't enjoy teaching at all. I don't recommend her to anyone who wants a teacher that gives a crap about their students.",she,seems really unprepared and maybe nervous,Negative,Neutral,0.6435741139151926
"Easy A is right! This teacher is new and doesn't have a clue what is going on. Most of the time we just read the book, did very simple projects and got let out early. I guess she read enough comments on here and got inspired to improve. Her inexperience is your gain. EASY A! TAKE THIS PROFESSOR!",projects,very simple,Negative,Positive,0.566935842391559
"Easy A is right! This teacher is new and doesn't have a clue what is going on. Most of the time we just read the book, did very simple projects and got let out early. I guess she read enough comments on here and got inspired to improve. Her inexperience is your gain. EASY A! TAKE THIS PROFESSOR!",This teacher,Her inexperience is your gain,Neutral,Negative,0.478559690353352
"This course is great for teaching you basic lab skills. Great for learning how to write lab books , time management , etc. For actual experimental skills, recent developments in the course makes that difficult since the prof organizes everything for you. Also, they mark really hard!",recent developments in the course,makes that difficult,Negative,Positive,0.4644168404568288
"I hated that the lectures were asynchronous. The prof who teaches the lectures changes so the quality of the lectures vary. When you get a weak instructor or content is not clear, go to the WEEF TAs. Generally, it was not that bad and the tutorials were in-person which was nice. The main challange in this course was balancing it with all the other courses and finding time to study and learn the content.",quality of the lectures,vary,Negative,Neutral,0.5396773025418085
"I hated that the lectures were asynchronous. The prof who teaches the lectures changes so the quality of the lectures vary. When you get a weak instructor or content is not clear, go to the WEEF TAs. Generally, it was not that bad and the tutorials were in-person which was nice. The main challange in this course was balancing it with all the other courses and finding time to study and learn the content.",balancing it with all the other courses and finding time to study and learn the content,main challange,Negative,Neutral,0.6150536807131353
Course hard as heck but cool as heck too so its chill.,Course,its chill,Negative,Positive,0.5683364397264593
"Oh prof Ajie... he's not the most prepared( looks in the book 5 mins before class, just does examples) or the most clear( thick accent from Nigeria), but he just wants to see you try. I guarantee, go to office hours , do the labs , get a tutor , and he'll look the other way and give you a good grade. I had a 86 average, but still got an A. Nice!",prof Ajie,not the most prepared,Negative,Neutral,0.694969415143314
"Oh prof Ajie... he's not the most prepared( looks in the book 5 mins before class, just does examples) or the most clear( thick accent from Nigeria), but he just wants to see you try. I guarantee, go to office hours , do the labs , get a tutor , and he'll look the other way and give you a good grade. I had a 86 average, but still got an A. Nice!",prof Ajie,or the most clear,Negative,Positive,0.6436115694214581
"They turned the hard physics course into a bird course. Most of your mark is participation, and the mastering hasnt gotten harder since before covid( im taking this in 2nd year). I feel like the course doesn't give student that real uni ass kicking that it needs to in order to have competent students. I'm worried about how this term will effect the student when their classes get hard",course,Most of your mark is participation,Negative,Neutral,0.3832037868874987
"Took this course, offered only online, and it was a nice break compared to other demanding math courses. the whole course is memorizing the textbook and extra video lessons provided online by the prof were essentially useless as they didn't cover 75 % of what was in the textbook / in the quizzes and tests. Not a demanding course through and fairly easy to do good in as long as you're writing notes every week, just a lot of memorization. the content of this course probably isn't interesting to most people as it just covers 10 different variations of life insurance and what they are used for, but I enjoyed the content nonetheless.",this course,Not a demanding course,Positive,Negative,0.5234981078055707
"Prof. Crain is a valuable resource and by far one of ethe best at UML. His will kick your ass , but in the end you'll be glad you took it. And remember... If you every thing you're not doing great yourself... half the people in the class are on acid half the time and its hilarious to watch him flip out at them!",Prof. Crain,"will kick your ass , but in the end you'll be glad you took it",Neutral,Positive,0.8037425591034553
"Prof. Crain is a valuable resource and by far one of ethe best at UML. His will kick your ass , but in the end you'll be glad you took it. And remember... If you every thing you're not doing great yourself... half the people in the class are on acid half the time and its hilarious to watch him flip out at them!",Prof. Crain,flip out,Negative,Positive,0.6234874444200537
"A very controversial class in regards to its difficulty, but in all honesty, a majority of it is Gr 11-12 review. KEEP YOUR NOTES FROM THESE GRADES. I took this class online during COVID-19 and watched maybe 5 of the lectures and rest I caught onto from Gr 11-12 notes and the course notes provided. I personally did not use the textbook other than to cite and reference for 120L and to study for the exam. The course is scary and a little intimidating, but push through; it is absolutely possible to pass with 90 %+. I was close with an 89%. Midterms and exam were alright, I found the exam easier than all the midterms. Be sure you understand your stoichiometry and all things quantum( VSEPR, orbitals, hybridization, etc.). Good luck!",difficulty,very controversial,Negative,Neutral,0.5711012230538126
"A very controversial class in regards to its difficulty, but in all honesty, a majority of it is Gr 11-12 review. KEEP YOUR NOTES FROM THESE GRADES. I took this class online during COVID-19 and watched maybe 5 of the lectures and rest I caught onto from Gr 11-12 notes and the course notes provided. I personally did not use the textbook other than to cite and reference for 120L and to study for the exam. The course is scary and a little intimidating, but push through; it is absolutely possible to pass with 90 %+. I was close with an 89%. Midterms and exam were alright, I found the exam easier than all the midterms. Be sure you understand your stoichiometry and all things quantum( VSEPR, orbitals, hybridization, etc.). Good luck!",course,push through,Negative,Neutral,0.6969948312437191
his tests are hard. only 3 students were passing in his class. so he said 80 is an A. otherwise we would be dead!!!,80 is an A,otherwise we would be dead,Negative,Neutral,0.6685393441654134
"A good introductory course to performing text, specifically monologues, as an individual. An engaging and interesting range of texts to study were chosen, focusing on developing characters most of the students in the class had little experience with. Nice class size, although we were working individually we got many chances to engage with our peers and classmates for feedback. The assignments are fairly weighted( 10-20% for each performance or assignment), lightening the course load a lot compared to other courses that have fewer assessments weighted much heavier. Just come prepared to workshops( it's a matter of memorising your texts/ doing some independent rehearsal times) and you'll do well in this course.",assignments,lightening the course load a lot,Positive,Neutral,0.5389078154914501
"Ethnic Minorities, Bibilical Studies. The thing I enjoy about her most is her way of teaching without interjecting personal opinion. She encourages class participation and is a great facilitator. I went into the class feeling confident that I was well versed in the subject matter, but I found that I learned more than I expected. TAKE HER CLASS!",her way of teaching,without interjecting personal opinion,Positive,Negative,0.5344597016070141
"This professor is excellent. Extremely helpful and does not give answers , but gives handouts that help with the homework assignments. I would highly recommend this instructor. Makes learning fun.",This professor,"does not give answers , but gives handouts that help with the homework assignments",Positive,Negative,0.39100329111978255
I dont think I learned much in her class and I realized that when I went for college writing II. She is not really scrict but not really clear also.,She,not really scrict but not really clear,Neutral,Negative,0.5593686444141684
"Very organized, test to the lecture notes accurately. Found her condescending though.",General Feedback,"Very organized, test to the lecture notes accurately. Found her condescending though.",Neutral,Negative,0.4830169982842239
A very arrogant teacher. Tests graded very poorly- he says we don't have to memorize but if you want to do well on his tests memorize problem set answer keys and previous exams. He repeats q's and if you don't have EXACTLY what's on the answer key you will lose points( and that's not good),General Feedback,A very arrogant teacher. Tests graded very poorly- he says we don't have to memorize but if you want to do well on his tests memorize problem set answer keys and previous exams. He repeats q's and if you don't have EXACTLY what's on the answer key you will lose points( and that's not good),Negative,Neutral,0.45841393695989086
"I loved Exeter, ha I'm probably biased I've only been there but having visited other friends at their unis I felt lucky to go home to Exeter. Its such a nice campus and everyone knows everyone. The city is small b and the night life isn't so good but it does mean that when you're out everyone is there, like one big family.",General Feedback,"I loved Exeter, ha I'm probably biased I've only been there but having visited other friends at their unis I felt lucky to go home to Exeter. Its such a nice campus and everyone knows everyone. The city is small b and the night life isn't so good but it does mean that when you're out everyone is there, like one big family.",Positive,Neutral,0.535436453278249
"Took this course as an elective and I really enjoyed it. I didn't really have much science background from high school either but they taught the course really well and there is very little-if anything-you need to clarify beyond the lecture notes. That being said, make sure to take good lecture notes because the words on the slides alone are not enough to easily build a good understanding, at least for me. If you review well before exams and attend class 90 is very doable.",General Feedback,"Took this course as an elective and I really enjoyed it. I didn't really have much science background from high school either but they taught the course really well and there is very little-if anything-you need to clarify beyond the lecture notes. That being said, make sure to take good lecture notes because the words on the slides alone are not enough to easily build a good understanding, at least for me. If you review well before exams and attend class 90 is very doable.",Positive,Neutral,0.5928173282053405
Took Distributed Development class. Professor was very helpful in answering questions and took an active interest in class discussions. Overall a good survey class that covers a broad array of material. No exams. Weekly projects required just the right amount of effort to learn but not feel overwhelmed.,General Feedback,Took Distributed Development class. Professor was very helpful in answering questions and took an active interest in class discussions. Overall a good survey class that covers a broad array of material. No exams. Weekly projects required just the right amount of effort to learn but not feel overwhelmed.,Positive,Neutral,0.43814761172618444
Requires to read each class but at end of textbook is a review which helped me do the assignments. Make sure to participate! 2 papers he makes you do but very easy. Final will seem hard but he grades it pretty fairly and easy. Just keep up with work and not be lazy. Cool dude.,General Feedback,Requires to read each class but at end of textbook is a review which helped me do the assignments. Make sure to participate! 2 papers he makes you do but very easy. Final will seem hard but he grades it pretty fairly and easy. Just keep up with work and not be lazy. Cool dude.,Positive,Neutral,0.9449351787188053
"She wants you to go to her office hours and ask questions, but when you do she gets mad and says"" i went over this in class, where were you?"" she makes you feel stupid for asking questions, and rarely ever jokes with the class to keep you interested. Very mean. i would not recommend her.",General Feedback,"She wants you to go to her office hours and ask questions, but when you do she gets mad and says"" i went over this in class, where were you?"" she makes you feel stupid for asking questions, and rarely ever jokes with the class to keep you interested. Very mean. i would not recommend her.",Negative,Positive,0.4974889601179003
Solid foundational course for mechanical and civil engineering. Clear curriculum with logical flow. Bridge project is fun. Could have been made a bit more interesting if it covered more commonly used techniques such as finite element analysis.,General Feedback,Solid foundational course for mechanical and civil engineering. Clear curriculum with logical flow. Bridge project is fun. Could have been made a bit more interesting if it covered more commonly used techniques such as finite element analysis.,Positive,Neutral,0.5718022053441271
Lots of assignments.,General Feedback,Lots of assignments.,Negative,Neutral,0.8508551264511409
"Its tragic this is an antreq with SYDE 522 cause it is nothing like it. 2/ 3 of the "" AI "" methods taught in this course are archaic and pretty much useless, so much so that the professor feels like he needs to validate why we are learning the content every other week. The assignments weren't hard but usually very tedious. You could spend 10 hours on one of the 5% assignments for your entire grad be determined by a 1 hour 30% midterm or 50% final.",General Feedback,"Its tragic this is an antreq with SYDE 522 cause it is nothing like it. 2/ 3 of the "" AI "" methods taught in this course are archaic and pretty much useless, so much so that the professor feels like he needs to validate why we are learning the content every other week. The assignments weren't hard but usually very tedious. You could spend 10 hours on one of the 5% assignments for your entire grad be determined by a 1 hour 30% midterm or 50% final.",Negative,Neutral,0.5711744559897567
Easier than BIOL 130! Similar content,General Feedback,Easier than BIOL 130! Similar content,Positive,Neutral,0.5088618755153137
Amazing sport facilities and friendly atmosphere. The SU is new and spacious. However not many places to sit in the library at busy times.,General Feedback,Amazing sport facilities and friendly atmosphere. The SU is new and spacious. However not many places to sit in the library at busy times.,Neutral,Positive,0.5124865273350994
honest everything is essay based and super subjective which is a pain,General Feedback,honest everything is essay based and super subjective which is a pain,Negative,Neutral,0.42164840344905713
"Incredible campus, such a beautiful working environment! Student Guild staff are generally very helpful, certain members are especially. The university itself is a mixed bag- certain professors are exceptionally passionate , dedicated and considerate to their students, whereas others are clearly more concerned with their own ego than the welfare and progression of their students. The overall feel of the university is extremely bureaucratic and gives the impression that it’s primary focus is to be ran as a business for making money and boosting the reputation of its senior staff members and not the students under its care.",General Feedback,"Incredible campus, such a beautiful working environment! Student Guild staff are generally very helpful, certain members are especially. The university itself is a mixed bag- certain professors are exceptionally passionate , dedicated and considerate to their students, whereas others are clearly more concerned with their own ego than the welfare and progression of their students. The overall feel of the university is extremely bureaucratic and gives the impression that it’s primary focus is to be ran as a business for making money and boosting the reputation of its senior staff members and not the students under its care.",Neutral,Positive,0.726263195493162
Overlapped highschool physics but more confusing. Didn't go to most of the lectures and studied for quizzes the day of... not recommended.,General Feedback,Overlapped highschool physics but more confusing. Didn't go to most of the lectures and studied for quizzes the day of... not recommended.,Negative,Neutral,0.5985434762696972
"One of the highest marks I've had in the last four years. There were a lot of bonus marks and extra questions to keep marks high. The work is actually tough, but it's a good kind of tough if you like proofs. The assignments are pretty manageable if you start early.",General Feedback,"One of the highest marks I've had in the last four years. There were a lot of bonus marks and extra questions to keep marks high. The work is actually tough, but it's a good kind of tough if you like proofs. The assignments are pretty manageable if you start early.",Positive,Neutral,0.878943477147604
Not easy!,General Feedback,Not easy!,Negative,Neutral,0.9108913903270465
"Professor Bozin is a real cool guy once you get in his class and know him a bit. funny person overall and cares about his students and their success. the class is no fluff off however you must really work your rear end off to get a reasonable grade in this class. Tests are HARD and sometimes can be confusing. Overall , I would take him again!",General Feedback,"Professor Bozin is a real cool guy once you get in his class and know him a bit. funny person overall and cares about his students and their success. the class is no fluff off however you must really work your rear end off to get a reasonable grade in this class. Tests are HARD and sometimes can be confusing. Overall , I would take him again!",Neutral,Positive,0.8203370856399582
"Bob is a very intelligent , respectable professor. Though this class was interesting, most of the information isn't useful unless you plan to be a mineralogist. The necessity of sheer memorization for parts of the exams is disappointing. Be sure to learn how to do the problems a few days before the exam, because there aren't examples in the notes.",General Feedback,"Bob is a very intelligent , respectable professor. Though this class was interesting, most of the information isn't useful unless you plan to be a mineralogist. The necessity of sheer memorization for parts of the exams is disappointing. Be sure to learn how to do the problems a few days before the exam, because there aren't examples in the notes.",Neutral,Negative,0.5019061533156093
"It’s difficult for me to rate the aspects of the university because due to COVID I haven’t spent a lot of time on campus. As far as I can tell so far the societies are diverse and communicate with freshers very well. Same with the careers service- revaluation emails for student jobs etc. I haven’t personally heard a lot from students union or what they’re up to, but they handled issues with grading due to covid very well.",General Feedback,"It’s difficult for me to rate the aspects of the university because due to COVID I haven’t spent a lot of time on campus. As far as I can tell so far the societies are diverse and communicate with freshers very well. Same with the careers service- revaluation emails for student jobs etc. I haven’t personally heard a lot from students union or what they’re up to, but they handled issues with grading due to covid very well.",Positive,Negative,0.5322616581463199
"This course was mostly a review of Che 100 with a little bit of Che 102 mixed in up until the midterm. Post midterm became a lot tougher, as this is when Energy Balances are introduced. Our class had a fairly high midterm average, so of course we were destroyed on the exam. However, we all came out with decent marks in the end( ride the curve kids). I voted this course as easy because in terms of the other courses that you'll take in the semester, it is one of the easier ones. However, be sure to do all of your practice and assignments, and be sure to show up to tutorials( you will get easy marks). Redoing the tutorial sheets and assignments is also very helpful for studying for the final exam.",General Feedback,"This course was mostly a review of Che 100 with a little bit of Che 102 mixed in up until the midterm. Post midterm became a lot tougher, as this is when Energy Balances are introduced. Our class had a fairly high midterm average, so of course we were destroyed on the exam. However, we all came out with decent marks in the end( ride the curve kids). I voted this course as easy because in terms of the other courses that you'll take in the semester, it is one of the easier ones. However, be sure to do all of your practice and assignments, and be sure to show up to tutorials( you will get easy marks). Redoing the tutorial sheets and assignments is also very helpful for studying for the final exam.",Positive,Neutral,0.849484696217287
"I found it quite easy, but I also found Math 127 easy. Make sure your algebra and basic math skills are up to snuff, and don't procrastinate the assignments/ projects.",General Feedback,"I found it quite easy, but I also found Math 127 easy. Make sure your algebra and basic math skills are up to snuff, and don't procrastinate the assignments/ projects.",Positive,Neutral,0.9515162285759947
"Just a lot of guest speakers, not particularly exciting. If you like learning about resources the school as to offer and tips for things like studying and exam taking, you might enjoy this class as it is useful for that type of thing.",General Feedback,"Just a lot of guest speakers, not particularly exciting. If you like learning about resources the school as to offer and tips for things like studying and exam taking, you might enjoy this class as it is useful for that type of thing.",Neutral,Positive,0.44734931303316916
"This course in concept is very useful, however there is a great focus on language specific knowledge as well as memorization for exams. Would not recommend this course, take some online course instead.",General Feedback,"This course in concept is very useful, however there is a great focus on language specific knowledge as well as memorization for exams. Would not recommend this course, take some online course instead.",Negative,Neutral,0.6351766763808202
I gotta say I truly only stayed in her class cuz she is pretty hot for a teacher. MAterial isnt too hard slightly tricky but she is helpful. I think she curves. Goes over the material in an interactive manner and has facebook so look her up.,General Feedback,I gotta say I truly only stayed in her class cuz she is pretty hot for a teacher. MAterial isnt too hard slightly tricky but she is helpful. I think she curves. Goes over the material in an interactive manner and has facebook so look her up.,Positive,Neutral,0.5815593786710355
"Lots of readings, Weekly Quizzes on multiple chapters, Few assignments, Tough Grader. You either do really good or really bad in her class. No tests, one big group project and one final quiz.",General Feedback,"Lots of readings, Weekly Quizzes on multiple chapters, Few assignments, Tough Grader. You either do really good or really bad in her class. No tests, one big group project and one final quiz.",Neutral,Negative,0.5790218724689556
"Took this class online so I didn't have any direct contact. However he didn't just leave us to it, he was actively grading and providing feedback. Very clear goals for the course.",General Feedback,"Took this class online so I didn't have any direct contact. However he didn't just leave us to it, he was actively grading and providing feedback. Very clear goals for the course.",Positive,Negative,0.5656900419064271
"I like Wong, he's an engaging prof. The lab instructor Bahareh is ok",General Feedback,"I like Wong, he's an engaging prof. The lab instructor Bahareh is ok",Positive,Neutral,0.6646605993742357
"Pretty easy, make sure to do your assignments early!",General Feedback,"Pretty easy, make sure to do your assignments early!",Positive,Neutral,0.5027339573540353
University of Exeter has met expectations I did not even have before. Half of the lecturers for my course( Sports and Exercise Medical Science) were very knowledgable. The St Luke and Streatham campuses are not too far from the city centre. I enjoyed the societies( Muay Thai and Jiu-Jitsu). They allowed me to meet people from different backgrounds. My only complaint is the University Community Mental Health Team. I had 5 sessions with them for my Mixed Anxiety and Depressive Disorder. It was very unhelpful as the nurse was always unprepared and seemingly inattentive.,General Feedback,University of Exeter has met expectations I did not even have before. Half of the lecturers for my course( Sports and Exercise Medical Science) were very knowledgable. The St Luke and Streatham campuses are not too far from the city centre. I enjoyed the societies( Muay Thai and Jiu-Jitsu). They allowed me to meet people from different backgrounds. My only complaint is the University Community Mental Health Team. I had 5 sessions with them for my Mixed Anxiety and Depressive Disorder. It was very unhelpful as the nurse was always unprepared and seemingly inattentive.,Neutral,Positive,0.5224274988327332
ez course ez marks dont need to go to class,General Feedback,ez course ez marks dont need to go to class,Positive,Neutral,0.7677192069173474
Everything was peaches until the final exam. It's been almost a month and I have not fully recovered.,General Feedback,Everything was peaches until the final exam. It's been almost a month and I have not fully recovered.,Negative,Neutral,0.7403664661004669
Annoying but easy mark. Yet doesnt contribute as a grade on ur transcript lol. It was just annoying to deal with on a work term.,General Feedback,Annoying but easy mark. Yet doesnt contribute as a grade on ur transcript lol. It was just annoying to deal with on a work term.,Negative,Neutral,0.5099280664737718
You need the book so this course can become easy. 1/3 of the questions are from the book so it is a must. Class avg is 77% for the 2nd midterm,General Feedback,You need the book so this course can become easy. 1/3 of the questions are from the book so it is a must. Class avg is 77% for the 2nd midterm,Positive,Neutral,0.8865633991649727
"Pretty simple labs, a good intro to university chemistry labs. Learned a lot of lab skills and lab report writing techniques. Exam was fair, a bit trickier than the post lab reports.",General Feedback,"Pretty simple labs, a good intro to university chemistry labs. Learned a lot of lab skills and lab report writing techniques. Exam was fair, a bit trickier than the post lab reports.",Positive,Neutral,0.7076855999301535
Started off as high school vectors / matrices review and delved deeper from there. I found it difficult because I couldn't practice new math concepts as much as I did in high school,General Feedback,Started off as high school vectors / matrices review and delved deeper from there. I found it difficult because I couldn't practice new math concepts as much as I did in high school,Negative,Neutral,0.8229743737959057
This is the same course as SYDE 362. Difficult to rank because it's really just supplementary time for the design project course.,General Feedback,This is the same course as SYDE 362. Difficult to rank because it's really just supplementary time for the design project course.,Neutral,Negative,0.519349057712847
"Bit few study spaces, sometimes get the impression that the uni doesn’t really care about its students , nor its staff. Module choice is alright , but nothing extraordinary. If you decide to study politics/ IR, be prepared for a lack of support, teaching about methods and that everything happens really late. It’s a green campus campus, the library is a bit sad but are other options on campus once you find them. The 2 pound meal is a plus. Be prepared for the hill and high rent.",General Feedback,"Bit few study spaces, sometimes get the impression that the uni doesn’t really care about its students , nor its staff. Module choice is alright , but nothing extraordinary. If you decide to study politics/ IR, be prepared for a lack of support, teaching about methods and that everything happens really late. It’s a green campus campus, the library is a bit sad but are other options on campus once you find them. The 2 pound meal is a plus. Be prepared for the hill and high rent.",Negative,Neutral,0.9544539212915147
"Lectures were very straightforward and easy to understand. He does use clickers for participation and quizzes. Students are given a study guide and are allowed to use a page of hand written notes on his tests. If you just go over the study guide, you won't need the page of notes. I felt that using the page of notes didn't help me much on tests",General Feedback,"Lectures were very straightforward and easy to understand. He does use clickers for participation and quizzes. Students are given a study guide and are allowed to use a page of hand written notes on his tests. If you just go over the study guide, you won't need the page of notes. I felt that using the page of notes didn't help me much on tests",Neutral,Positive,0.42846809342848713
"Everything before assemblies and memory was incredibly easy to understand and follow. So easy that our professor got super salty because the marks were too high and explicitly stated that he would"" take extra precautions"" when making the final. He ended up making like 10 versions of the final, each one with varying levels of question difficulty. Really did not enjoy the course after midterms.",General Feedback,"Everything before assemblies and memory was incredibly easy to understand and follow. So easy that our professor got super salty because the marks were too high and explicitly stated that he would"" take extra precautions"" when making the final. He ended up making like 10 versions of the final, each one with varying levels of question difficulty. Really did not enjoy the course after midterms.",Neutral,Positive,0.6362452387900412
Very straight forward class but by no means an easy A. HEAVY on notes but she never asks anything on tests or quizzes that wasn't specifically in the notes. Class is 4 tests which are 80 multiple choice and 2 essay each. Questions on final are copied and pasted directly from first 4 tests. Doesn't take attendance but you WILL fail if you miss class,General Feedback,Very straight forward class but by no means an easy A. HEAVY on notes but she never asks anything on tests or quizzes that wasn't specifically in the notes. Class is 4 tests which are 80 multiple choice and 2 essay each. Questions on final are copied and pasted directly from first 4 tests. Doesn't take attendance but you WILL fail if you miss class,Neutral,Negative,0.46988362406984013
"This professor is a lot of fun. She's so funny! BUT there is A LOT of material to cover& she moves FAST. You can't screw off. Her tests are from her lectures so PRINT her online lecture notes and fill them in during lectures. Review notes daily. Use the book only as needed. Her exams are fill in the blank, so STUDY LECTURE NOTES well.",General Feedback,"This professor is a lot of fun. She's so funny! BUT there is A LOT of material to cover& she moves FAST. You can't screw off. Her tests are from her lectures so PRINT her online lecture notes and fill them in during lectures. Review notes daily. Use the book only as needed. Her exams are fill in the blank, so STUDY LECTURE NOTES well.",Neutral,Negative,0.5098432951112387
The material in this course comes up again in SE 380.,General Feedback,The material in this course comes up again in SE 380.,Neutral,Negative,0.44027967610939794
just sleep through it trust me on this,General Feedback,just sleep through it trust me on this,Negative,Neutral,0.6242121838791974
"Great course! Really interesting! If you pay attention to what she says in class you will do fine, watch out for writing in detail on midterms and exams.",General Feedback,"Great course! Really interesting! If you pay attention to what she says in class you will do fine, watch out for writing in detail on midterms and exams.",Neutral,Positive,0.667564786237969
"Not a lot of formal structure to this course, but being able to watch past design project presentations and discuss them as a group is actually very useful. Most of your time working on the project will be spent outside of class, however.",General Feedback,"Not a lot of formal structure to this course, but being able to watch past design project presentations and discuss them as a group is actually very useful. Most of your time working on the project will be spent outside of class, however.",Positive,Neutral,0.8667677863799808
"This is a refreshing course to take after having taken a few upper year electricity and magnetism courses, as we use that knowledge to break down the underlying physics behind optical phenomena. I especially appreciated seeing the formalism behind Fourier Optics, as it looks like a gateway to even more impressive behaviours.",General Feedback,"This is a refreshing course to take after having taken a few upper year electricity and magnetism courses, as we use that knowledge to break down the underlying physics behind optical phenomena. I especially appreciated seeing the formalism behind Fourier Optics, as it looks like a gateway to even more impressive behaviours.",Positive,Neutral,0.37512158820840363
Course would be good if it was taught by different prof,General Feedback,Course would be good if it was taught by different prof,Negative,Neutral,0.8732818081745678
Go to office hours and the tutorial centre if you have trouble. The weekly quizzes helped for memorization of the material,General Feedback,Go to office hours and the tutorial centre if you have trouble. The weekly quizzes helped for memorization of the material,Positive,Neutral,0.6665909560083301
"Odd choice in movie selection, but each movie viewed pertains to material covered in the text; films such as a Horror, Drama, Mise en scene, etc.",General Feedback,"Odd choice in movie selection, but each movie viewed pertains to material covered in the text; films such as a Horror, Drama, Mise en scene, etc.",Neutral,Negative,0.5704754005672183
"Moderately hard until the end, I don't see this material being useful in my life...",General Feedback,"Moderately hard until the end, I don't see this material being useful in my life...",Negative,Neutral,0.6169179161641661
"this instructor has a lot of very useful knowledge, but talked more about his glory days as a race car mechanic than he did on teaching us what we needed to know about the real world of rebuilding engines! He cherry picked the class on who he wanted to teach things to and the rest was left out in the cold. He manipulated the class to suit himself!",General Feedback,"this instructor has a lot of very useful knowledge, but talked more about his glory days as a race car mechanic than he did on teaching us what we needed to know about the real world of rebuilding engines! He cherry picked the class on who he wanted to teach things to and the rest was left out in the cold. He manipulated the class to suit himself!",Negative,Positive,0.4989696587594072
"A wonderful teacher. You do need to apply yourself outside of class to keep up, but the hw is pretty fun. I heard she was teaching 121 and signed up right away.",General Feedback,"A wonderful teacher. You do need to apply yourself outside of class to keep up, but the hw is pretty fun. I heard she was teaching 121 and signed up right away.",Positive,Neutral,0.5326493070403563
"Entire class was split into four tests worth 25%. No assignments otherwise. Lots of reading, which is to be expected in a mythology course, as well as some videos which were supplemental and optional. I wish we had some more assignments- having my grade rest on just four tests was very stressful to the point where it almost felt unfair. But, as someone who loves mythology, the course content was interesting and Dr Kroeker was a fun prof who seemed to thoroughly enjoy what he was teaching, which made the course engaging.",General Feedback,"Entire class was split into four tests worth 25%. No assignments otherwise. Lots of reading, which is to be expected in a mythology course, as well as some videos which were supplemental and optional. I wish we had some more assignments- having my grade rest on just four tests was very stressful to the point where it almost felt unfair. But, as someone who loves mythology, the course content was interesting and Dr Kroeker was a fun prof who seemed to thoroughly enjoy what he was teaching, which made the course engaging.",Neutral,Positive,0.4724572462430057
Nice person. Interesting stuff to say and share. Knows his stuff but his teaching and explaing is very tough and confusing goes fast to! If your good at math maybe you will do well. Class participate and it may help your grade! Like I said he's nice/ funny but the class is hard and unclear... his teaching style. Do your homework all the time!,General Feedback,Nice person. Interesting stuff to say and share. Knows his stuff but his teaching and explaing is very tough and confusing goes fast to! If your good at math maybe you will do well. Class participate and it may help your grade! Like I said he's nice/ funny but the class is hard and unclear... his teaching style. Do your homework all the time!,Negative,Positive,0.4825199520165289
Really easy course. Didn't cover enough content to be useful or worthwhile.,General Feedback,Really easy course. Didn't cover enough content to be useful or worthwhile.,Negative,Neutral,0.4856888711279754
"I had to take this course, I am not very interested in this subject, but it was an overall good course.",General Feedback,"I had to take this course, I am not very interested in this subject, but it was an overall good course.",Positive,Neutral,0.7122695839395901
You can passed her class only if you work hard.,General Feedback,You can passed her class only if you work hard.,Negative,Neutral,0.8997941906812773
Stupid class but ez mark. Programming sux,General Feedback,Stupid class but ez mark. Programming sux,Negative,Neutral,0.7255895393163044
"Students are graded only on tests and quizzes. Dr. K . is very respected in the classroom and willing to answer any questions. He is very knowledgeable on the subject. However, you really have to study to get good grades and I find his recommended way of note-taking to be ineffective. Also, he thinks he is very funny , but he is not.",General Feedback,"Students are graded only on tests and quizzes. Dr. K . is very respected in the classroom and willing to answer any questions. He is very knowledgeable on the subject. However, you really have to study to get good grades and I find his recommended way of note-taking to be ineffective. Also, he thinks he is very funny , but he is not.",Neutral,Positive,0.49121243117117797
"Although this course is overall useless, I enjoy the part where I actually designed a turning machine. Also, the course is relatively easy, and most people I know are about to ace the course( I predict I will get a 96 or something)",General Feedback,"Although this course is overall useless, I enjoy the part where I actually designed a turning machine. Also, the course is relatively easy, and most people I know are about to ace the course( I predict I will get a 96 or something)",Neutral,Positive,0.5021009350002457
Go for the experience.,General Feedback,Go for the experience.,Positive,Neutral,0.7642933346017794
"Study the lecture slides. No need to read the book but he has extra credit questions on the exams that come from the book. Very nice professor, talks fast but podcasts. 1 midterm and 1 final. He made the exam we did better on worth more:). and I thought it was pretty common to give slightly more Cs than Bs.",General Feedback,"Study the lecture slides. No need to read the book but he has extra credit questions on the exams that come from the book. Very nice professor, talks fast but podcasts. 1 midterm and 1 final. He made the exam we did better on worth more:). and I thought it was pretty common to give slightly more Cs than Bs.",Positive,Neutral,0.927387010183461
"Exeter is a good place , but with its limitations. Exeter has lost something about its self that many universities have maintained through COVID. I hope Exeter can rebuild its reputation as a great university in the future",General Feedback,"Exeter is a good place , but with its limitations. Exeter has lost something about its self that many universities have maintained through COVID. I hope Exeter can rebuild its reputation as a great university in the future",Neutral,Positive,0.5087620610402098
"Don't do it , if you value yourself as a person , don't do it.",General Feedback,"Don't do it , if you value yourself as a person , don't do it.",Negative,Neutral,0.80760906213495
"Professor Sneed's class was a semi tough one. So for the reading, make sure to understand whay you're reading and if you don't come to class. That discussion you have in class is super important. The tests are 85 % on that discussion I guarantee you. Participate, record if you have to. The summaries are IMPORTANT. Do all this and you'd be fine.",General Feedback,"Professor Sneed's class was a semi tough one. So for the reading, make sure to understand whay you're reading and if you don't come to class. That discussion you have in class is super important. The tests are 85 % on that discussion I guarantee you. Participate, record if you have to. The summaries are IMPORTANT. Do all this and you'd be fine.",Positive,Neutral,0.6046327188925291
A fabulous time compared to my old uni.,General Feedback,A fabulous time compared to my old uni.,Positive,Neutral,0.4408187786276273
"Fairly easy if you've coded before, but don't assume it's a bird course. Weekly assignments have lots of edge cases.",General Feedback,"Fairly easy if you've coded before, but don't assume it's a bird course. Weekly assignments have lots of edge cases.",Negative,Neutral,0.9008239533486506
"Although lots of my time at Exeter has been brilliant and I wouldn't trade the friends I have made for anything the academic support is absolutely awful. The staff are unsympathetic, feedback vague and contradictory. I went to my tutor to ask for more detailed feedback or examples of how I could have improved my work and he was unable to go into more detail but considering the mark I was given there must have been a lot there to improve. If you're going to spend £9, 250, spend it on somewhere that actually cares about its students. Exeter only cares about it's reputation and the lecturers are definitely chosen based on their research rather than the quality of their teaching which would be fine but again for the amount of money you would be better off elsewhere.",General Feedback,"Although lots of my time at Exeter has been brilliant and I wouldn't trade the friends I have made for anything the academic support is absolutely awful. The staff are unsympathetic, feedback vague and contradictory. I went to my tutor to ask for more detailed feedback or examples of how I could have improved my work and he was unable to go into more detail but considering the mark I was given there must have been a lot there to improve. If you're going to spend £9, 250, spend it on somewhere that actually cares about its students. Exeter only cares about it's reputation and the lecturers are definitely chosen based on their research rather than the quality of their teaching which would be fine but again for the amount of money you would be better off elsewhere.",Negative,Neutral,0.5435825074585595
She is very clear with her expectations. Gets back to emails quickly. Not very many assignments. Do the work and you'll pass,General Feedback,She is very clear with her expectations. Gets back to emails quickly. Not very many assignments. Do the work and you'll pass,Positive,Neutral,0.48618125699432246
"I don't know what was going on this term... Until halfway across the term, the professors weren't on Piazza. The format of the course seems to have been reworked completely from previous online offerings( for no good reason, since previous offerings were apparently great). There were a lot more timed tests. Presumably to stop cheating, but I would guess it would help cheaters who were able to get a question paper beforehand, because if you had seen the questions before the super-strict time limits might seem a lot more reasonable. Even profs had trouble solving practice problems in office hours. The lectures were all old and reused from previous terms, which were great. I really enjoyed the content. But the assessments- especially the timed exams- were so stressful and draining that I came away disliking the course despite being interested in the topics.",General Feedback,"I don't know what was going on this term... Until halfway across the term, the professors weren't on Piazza. The format of the course seems to have been reworked completely from previous online offerings( for no good reason, since previous offerings were apparently great). There were a lot more timed tests. Presumably to stop cheating, but I would guess it would help cheaters who were able to get a question paper beforehand, because if you had seen the questions before the super-strict time limits might seem a lot more reasonable. Even profs had trouble solving practice problems in office hours. The lectures were all old and reused from previous terms, which were great. I really enjoyed the content. But the assessments- especially the timed exams- were so stressful and draining that I came away disliking the course despite being interested in the topics.",Negative,Neutral,0.6004399759362076
"You learn a lot of very interesting and useful stuff in this course. Loved the problem-centric + discovery style delivery of the content, made it that much more engaging and definitely helped me learn. Assignments were quite long but very rewarding- beware there's no release tests so you'll have to write your own tests! Final project was AGE game engine, which was very fun but also incredibly super big and long- most people I talked to didn't do very well on the final project( myself included), but still loved the course.",General Feedback,"You learn a lot of very interesting and useful stuff in this course. Loved the problem-centric + discovery style delivery of the content, made it that much more engaging and definitely helped me learn. Assignments were quite long but very rewarding- beware there's no release tests so you'll have to write your own tests! Final project was AGE game engine, which was very fun but also incredibly super big and long- most people I talked to didn't do very well on the final project( myself included), but still loved the course.",Positive,Neutral,0.578084981655771
wuck fork term report,General Feedback,wuck fork term report,Negative,Neutral,0.8059111900440395
Very easy till midterm,General Feedback,Very easy till midterm,Neutral,Positive,0.6389071332068669
"it's not perfect but nothing is. most beautiful campus ever for sure, lots of mh support",General Feedback,"it's not perfect but nothing is. most beautiful campus ever for sure, lots of mh support",Positive,Neutral,0.7388545073598002
Another course that is useful yet I struggled with.,General Feedback,Another course that is useful yet I struggled with.,Neutral,Negative,0.4074206224920689
"I would bet this depends heavily on the prof, but as far as communication courses go, this was a pretty manageable course. I got an 84% with Nicholas Balaisis. It was kinda of interesting too. The writing / journals was/ were kinda tedious though, but the group presentation was fun!",General Feedback,"I would bet this depends heavily on the prof, but as far as communication courses go, this was a pretty manageable course. I got an 84% with Nicholas Balaisis. It was kinda of interesting too. The writing / journals was/ were kinda tedious though, but the group presentation was fun!",Positive,Neutral,0.9693656910691357
"Most useless course. Either materials were so outdated or you already know it from co-op. But being in SE, you gotta take it.",General Feedback,"Most useless course. Either materials were so outdated or you already know it from co-op. But being in SE, you gotta take it.",Negative,Neutral,0.5483202467791604
"I took this course online and it was so hard to teach yourself. The instructional videos help, but not nearly as much as having a person standing in front of you gaging whether the room is understanding or not. Very important and necessary info, but difficult without being on campus in person.",General Feedback,"I took this course online and it was so hard to teach yourself. The instructional videos help, but not nearly as much as having a person standing in front of you gaging whether the room is understanding or not. Very important and necessary info, but difficult without being on campus in person.",Negative,Neutral,0.637205637014073
This is what makes me contemplate switching to CS,General Feedback,This is what makes me contemplate switching to CS,Neutral,Negative,0.5682047521574851
"The class overall was really great and I feel like I really learned a lot. You have to read though since that the exams include questions on the readings. Also, it is sort of hard to get an A only because the entire class is out of 100 points. But overall quite easy to get and A with effort.",General Feedback,"The class overall was really great and I feel like I really learned a lot. You have to read though since that the exams include questions on the readings. Also, it is sort of hard to get an A only because the entire class is out of 100 points. But overall quite easy to get and A with effort.",Positive,Neutral,0.5990338793779902
"2017F, Cormack. A good course in general plusTA( Ashish) was extremely helpful. Bombed the first midterm but ended as my highest mark of the term.",General Feedback,"2017F, Cormack. A good course in general plusTA( Ashish) was extremely helpful. Bombed the first midterm but ended as my highest mark of the term.",Positive,Neutral,0.6350822644906624
Lots of material to learn and could be better. Harder then ME115 by a lot. Get ready to get wrecked by the midterm and final.,General Feedback,Lots of material to learn and could be better. Harder then ME115 by a lot. Get ready to get wrecked by the midterm and final.,Negative,Neutral,0.5082641454450814
"Depends on the prof, too much work considering it is a communication and I have no interest in the topic.",General Feedback,"Depends on the prof, too much work considering it is a communication and I have no interest in the topic.",Negative,Neutral,0.5760115678838988
This course going into a deeper level compared to AFM 121 and I found the material very interesting. Most of it is just math and excel so make sure to do lots of practice problems to ace your exams!,General Feedback,This course going into a deeper level compared to AFM 121 and I found the material very interesting. Most of it is just math and excel so make sure to do lots of practice problems to ace your exams!,Positive,Neutral,0.8024583492938316
It's more focused on the math behind FEM rather than practical use in the workplace. I'd prefer it to be structured more like ME 566.,General Feedback,It's more focused on the math behind FEM rather than practical use in the workplace. I'd prefer it to be structured more like ME 566.,Negative,Neutral,0.6583078430597177
"Great course / content, assignments can be tough.",General Feedback,"Great course / content, assignments can be tough.",Neutral,Positive,0.49868163127019893
"There's SO MUCH content it's pretty crazy. 40 pages of dense reading per week could get pretty tough. The course goes over the topics in great detail, and you get to see how brain works at the biological level. If you were unsatisfied with the hand-wavy content from psych 101 this might be interesting. The exams weren't too hard if you had committed to learning things by heart",General Feedback,"There's SO MUCH content it's pretty crazy. 40 pages of dense reading per week could get pretty tough. The course goes over the topics in great detail, and you get to see how brain works at the biological level. If you were unsatisfied with the hand-wavy content from psych 101 this might be interesting. The exams weren't too hard if you had committed to learning things by heart",Positive,Neutral,0.6463602433385879
"takes attendance but i don't think it mattered much, he's super nice and grades well. There are a few tests and quizzes but nothing too bad.",General Feedback,"takes attendance but i don't think it mattered much, he's super nice and grades well. There are a few tests and quizzes but nothing too bad.",Positive,Neutral,0.7779004172713604
"The midterm average was like 25 %, which really set the tone of the course.",General Feedback,"The midterm average was like 25 %, which really set the tone of the course.",Negative,Neutral,0.6840348955564222
Lab reports take so much time and the lab manual is terrible. If you do everything asked of you in the manual you'll get an OK mark.,General Feedback,Lab reports take so much time and the lab manual is terrible. If you do everything asked of you in the manual you'll get an OK mark.,Negative,Neutral,0.7818735536856887
"CS 446 is a great course for anyone who is interested in becoming a software engineer. It covers a wide range of topics including architectures, design patterns, stakeholder management, release engineering and many more. The course is mainly project-based, and the exam is really not that hard. The only downside is that the course makes you use android, which makes it hard to adhere to some of the requirements( using two architectures and two design patterns). It made me feel like I had to shoehorn them ino to meet the marks. Overall while you could learn these topics on your own, a 12-week course made super engaging meant that we were able to learn about all of these in more detail.",General Feedback,"CS 446 is a great course for anyone who is interested in becoming a software engineer. It covers a wide range of topics including architectures, design patterns, stakeholder management, release engineering and many more. The course is mainly project-based, and the exam is really not that hard. The only downside is that the course makes you use android, which makes it hard to adhere to some of the requirements( using two architectures and two design patterns). It made me feel like I had to shoehorn them ino to meet the marks. Overall while you could learn these topics on your own, a 12-week course made super engaging meant that we were able to learn about all of these in more detail.",Positive,Neutral,0.39437641700938475
Not even economics. Just grade 11 math problems. I found it difficult bc the content was so dry and boring to study for. If you pretty much memorize the textbook problems youll do well. This course was very dry however. Take actual econ courses if youre interested.,General Feedback,Not even economics. Just grade 11 math problems. I found it difficult bc the content was so dry and boring to study for. If you pretty much memorize the textbook problems youll do well. This course was very dry however. Take actual econ courses if youre interested.,Negative,Neutral,0.8454393325431447
"Fairly boring. The prof explained things clearly but it just wasn't interesting and the explanations often seemed a bit long winded. It can be difficult to focus enough to catch the word of the day that you need for participation marks. The excel stuff was useful, but I don't think anyone actually owns mathcad.",General Feedback,"Fairly boring. The prof explained things clearly but it just wasn't interesting and the explanations often seemed a bit long winded. It can be difficult to focus enough to catch the word of the day that you need for participation marks. The excel stuff was useful, but I don't think anyone actually owns mathcad.",Negative,Neutral,0.5659623551548277
"I really liked this course! There is quite a bit of bio in the course and a lot of memorization, but the textbook makes sense of it all and is easy to read.",General Feedback,"I really liked this course! There is quite a bit of bio in the course and a lot of memorization, but the textbook makes sense of it all and is easy to read.",Positive,Neutral,0.76208804735026
It's super easy and there aren't that many assignments. The readings are pretty pointless which is annoying because we had to buy them. Otherwise it tells you a lot about the different business sectors which is good to be informed about.,General Feedback,It's super easy and there aren't that many assignments. The readings are pretty pointless which is annoying because we had to buy them. Otherwise it tells you a lot about the different business sectors which is good to be informed about.,Positive,Neutral,0.7349702425972164
"Personally I thought the course was really easy-- at first. But don't let yourself slack off, because otherwise you will find yourself easily confused and lost as you fall further behind. Material gets harder as course moves along. Course material is still very relevant in other courses and in the future.",General Feedback,"Personally I thought the course was really easy-- at first. But don't let yourself slack off, because otherwise you will find yourself easily confused and lost as you fall further behind. Material gets harder as course moves along. Course material is still very relevant in other courses and in the future.",Neutral,Negative,0.7508948178216652
"Less structure than a lecture, more like a seminar but great!",General Feedback,"Less structure than a lecture, more like a seminar but great!",Positive,Neutral,0.9113326899680205
"Not as hard as people say it is. Overall somewhat complex, but definitely manageable especially if you enjoy the content",General Feedback,"Not as hard as people say it is. Overall somewhat complex, but definitely manageable especially if you enjoy the content",Positive,Neutral,0.8785374767128188
"Good: Attendance NOT mandatory, easy + blended class, approachable. Bad: SLOW GRADER, limited and unclear feedback, does not check email, inflexible with argument topics, teaches nothing in class, completely useless! My grade would be better if he provided timely feedback. We were on our 7th assignment when he graded the 3rd! Grade Approx: B-",General Feedback,"Good: Attendance NOT mandatory, easy + blended class, approachable. Bad: SLOW GRADER, limited and unclear feedback, does not check email, inflexible with argument topics, teaches nothing in class, completely useless! My grade would be better if he provided timely feedback. We were on our 7th assignment when he graded the 3rd! Grade Approx: B-",Neutral,Negative,0.9048734595066048
"Took this one over j-term. Not that I know what a full semester of this class is like, but I was very happy it was only 3 weeks long. The plan is a pain, but the exams were fair. Pretty easy to succeed if you put some effort in... and at least she tries to keep things light in the classroom- not a total bore.",General Feedback,"Took this one over j-term. Not that I know what a full semester of this class is like, but I was very happy it was only 3 weeks long. The plan is a pain, but the exams were fair. Pretty easy to succeed if you put some effort in... and at least she tries to keep things light in the classroom- not a total bore.",Positive,Neutral,0.5664213428805367
I had a lot of experience with the material before class so it seemed simple to me. A lot depends on how good of a TA you have. Mine seemed to really love himself& made people feel stupid for asking questions.,General Feedback,I had a lot of experience with the material before class so it seemed simple to me. A lot depends on how good of a TA you have. Mine seemed to really love himself& made people feel stupid for asking questions.,Negative,Neutral,0.509342966238701
It was an interesting course and the philosophical along with the mathematical approach to game theory was nice to consider.,General Feedback,It was an interesting course and the philosophical along with the mathematical approach to game theory was nice to consider.,Positive,Neutral,0.7424770145190234
It's the start of the term and I have already hated this course,General Feedback,It's the start of the term and I have already hated this course,Negative,Neutral,0.7076150507428738
Good Teacher. Cares!... and that's not very common these days.,General Feedback,Good Teacher. Cares!... and that's not very common these days.,Positive,Neutral,0.43070813301517374
"His lectures are captivating and shows that he really has a passion for history. There are no in class exams. He assigns four 5-7 page papers and weekly discussions on blackboard. There is a clear grading criteria for the essays. There is a suggested textbook that is not mandatory, but I recommend getting it anyway.",General Feedback,"His lectures are captivating and shows that he really has a passion for history. There are no in class exams. He assigns four 5-7 page papers and weekly discussions on blackboard. There is a clear grading criteria for the essays. There is a suggested textbook that is not mandatory, but I recommend getting it anyway.",Positive,Negative,0.4313617381756308
kill me,General Feedback,kill me,Negative,Neutral,0.4056406212651321
"I’ve enjoyed my time at Exeter. Excellent facilities and responsive careers service. Lots of variety in societies and good internet across campus. COVID put a dampener on the societies, but that’s not the unis fault. I have never really interacted with the union but I hear they are ok.",General Feedback,"I’ve enjoyed my time at Exeter. Excellent facilities and responsive careers service. Lots of variety in societies and good internet across campus. COVID put a dampener on the societies, but that’s not the unis fault. I have never really interacted with the union but I hear they are ok.",Positive,Neutral,0.7912395698997846
"The course taught the theory, but the exams focused mainly on examples. It was a pretty easy course, starting with fixed income and bonds, then going to equities and finally options. You learn about the CAPM model, bond duration, and the binomial pricing model for options. Overall, it's an interesting course and something I would recommend if you're interested in capital markets.",General Feedback,"The course taught the theory, but the exams focused mainly on examples. It was a pretty easy course, starting with fixed income and bonds, then going to equities and finally options. You learn about the CAPM model, bond duration, and the binomial pricing model for options. Overall, it's an interesting course and something I would recommend if you're interested in capital markets.",Positive,Neutral,0.5685853199878469
"Marketing Majors beware, you will learn the bare minimal from Maggie about marketing but will gain tons of knowledge about her home / family life ... joy. She takes attendance for a class that, when taught by her, does not require attendance to understand what is going on. Takes forever to grade, can be moody, and seems to enjoy to argue with you.",General Feedback,"Marketing Majors beware, you will learn the bare minimal from Maggie about marketing but will gain tons of knowledge about her home / family life ... joy. She takes attendance for a class that, when taught by her, does not require attendance to understand what is going on. Takes forever to grade, can be moody, and seems to enjoy to argue with you.",Negative,Neutral,0.5237057292707201
"Good class in all, only thing that was not cool is she sprung a group assignment and oral presentation that was not in the syllabus. But it was pretty easy to get a good grade. Super nice prof!",General Feedback,"Good class in all, only thing that was not cool is she sprung a group assignment and oral presentation that was not in the syllabus. But it was pretty easy to get a good grade. Super nice prof!",Positive,Neutral,0.6009563303077021
"Free 90 +, helpful to organize thoughts and plans for FYDP Because of Covid-19, there wasn't too much to do for this course, but happy to have had some sort of deliverables regardless to plan for 4B",General Feedback,"Free 90 +, helpful to organize thoughts and plans for FYDP Because of Covid-19, there wasn't too much to do for this course, but happy to have had some sort of deliverables regardless to plan for 4B",Positive,Neutral,0.6076110882908987
"This class is called SMALL GROUP COMMUNICATION, there is a great deal of group work, but thats what the class is about so its to be expected. She gives really great feedback on assignments and she tries to foster a very discussion based environment.",General Feedback,"This class is called SMALL GROUP COMMUNICATION, there is a great deal of group work, but thats what the class is about so its to be expected. She gives really great feedback on assignments and she tries to foster a very discussion based environment.",Positive,Neutral,0.705311670678648
"Great teacher but hard on assignments. No nonsense. He does not like people coming in late, using their phone in class, or chatting.",General Feedback,"Great teacher but hard on assignments. No nonsense. He does not like people coming in late, using their phone in class, or chatting.",Neutral,Negative,0.6978406962080506
"strong knowledge in physics is required to do well! Lab is very hands on however, the lab report requires alot of time and effort to do well!",General Feedback,"strong knowledge in physics is required to do well! Lab is very hands on however, the lab report requires alot of time and effort to do well!",Negative,Neutral,0.9376721128011151
Interesting course to work all the way up from boolean gates to a basic CPU and everything in between.,General Feedback,Interesting course to work all the way up from boolean gates to a basic CPU and everything in between.,Positive,Neutral,0.4909230630449582
"As previous people have stated, she talks a great deal and often does so in circles. Papers say we will cover certain topics listed in class and we almost never do. Lots of reading and YOU MUST BE THERE. Grading is heavily based on attendance and papers pack a punch. Do not recommend due to issues with clarity.",General Feedback,"As previous people have stated, she talks a great deal and often does so in circles. Papers say we will cover certain topics listed in class and we almost never do. Lots of reading and YOU MUST BE THERE. Grading is heavily based on attendance and papers pack a punch. Do not recommend due to issues with clarity.",Negative,Neutral,0.5418038585945599
"Not as bird as you might think, assignments were marked fairly hard.",General Feedback,"Not as bird as you might think, assignments were marked fairly hard.",Negative,Neutral,0.5462798940624403
If you like Korean culture or you are a k-pop fan. You will find it is sooo easy~ but still have to spend time to memorize !!! Prof . Kim is a wonderful teacher. 85 % philosopher + 15 % Korean teacher ~,General Feedback,If you like Korean culture or you are a k-pop fan. You will find it is sooo easy~ but still have to spend time to memorize !!! Prof . Kim is a wonderful teacher. 85 % philosopher + 15 % Korean teacher ~,Positive,Neutral,0.6761488631791236
"loved her, lots nof work in her class but she was very helpful.",General Feedback,"loved her, lots nof work in her class but she was very helpful.",Neutral,Positive,0.9004854934764642
"Very theory-based content and although they do apply some of it to science in some questions, I don't really see the need for us to take this course. 32 % of the class failed the midterm and they didn't curve. Exam was easier to make up for this.",General Feedback,"Very theory-based content and although they do apply some of it to science in some questions, I don't really see the need for us to take this course. 32 % of the class failed the midterm and they didn't curve. Exam was easier to make up for this.",Negative,Neutral,0.7648577000783104
"don't expect to do well in this class, even though it's a joke",General Feedback,"don't expect to do well in this class, even though it's a joke",Negative,Neutral,0.8913365866372794
Linear algebra is too abstract to approach,General Feedback,Linear algebra is too abstract to approach,Negative,Neutral,0.7093468627627736
"Good teacher. Fast paced, definitely not boring. Expects a lot of participation, mandatory attendance. Tests are easy if you've actually been following along. Good spanish 2 prof",General Feedback,"Good teacher. Fast paced, definitely not boring. Expects a lot of participation, mandatory attendance. Tests are easy if you've actually been following along. Good spanish 2 prof",Positive,Neutral,0.5096536290752257
"Really interesting course, had a good balance of in-class and textbook content. Marks were made up of a 40% group mediated speech and essay assignment, 10% group project, two 15% tests and a 20% essay. Not a difficult course.",General Feedback,"Really interesting course, had a good balance of in-class and textbook content. Marks were made up of a 40% group mediated speech and essay assignment, 10% group project, two 15% tests and a 20% essay. Not a difficult course.",Positive,Neutral,0.4384951295414607
The content COULD be interesting if it wasn't taught so dully. Useful for MODS.,General Feedback,The content COULD be interesting if it wasn't taught so dully. Useful for MODS.,Neutral,Negative,0.4344901918511603
"Had Prof. Leanne Hagarty during the term where everyone got sent home for COVID-19. Lecture content is more interesting than 111, I feel like Hagarty is a better lecturer than Sofy and 111. Lab blocks absolutely killed it for me. I didn't like the TA and group work kind of sucked because of that. Midterm and quizzes are the same type as 111, assignments are of the same structure as well. Course is extremely TA dependent, you could have a blast if you have a good lab.",General Feedback,"Had Prof. Leanne Hagarty during the term where everyone got sent home for COVID-19. Lecture content is more interesting than 111, I feel like Hagarty is a better lecturer than Sofy and 111. Lab blocks absolutely killed it for me. I didn't like the TA and group work kind of sucked because of that. Midterm and quizzes are the same type as 111, assignments are of the same structure as well. Course is extremely TA dependent, you could have a blast if you have a good lab.",Neutral,Negative,0.505990215383633
"Content was not that interesting. You had to write a fair bit as well, and that involves primary source research and citations. Overall I would have expected a bird course like this to be more chill. The readings were annoying to do as well. There were online quizzes for the content modules, and sometimes it wasn't clear where the answers were coming from. I ended up CTRL+ F most of the questions in the modules and reading material just to figure out the answer.",General Feedback,"Content was not that interesting. You had to write a fair bit as well, and that involves primary source research and citations. Overall I would have expected a bird course like this to be more chill. The readings were annoying to do as well. There were online quizzes for the content modules, and sometimes it wasn't clear where the answers were coming from. I ended up CTRL+ F most of the questions in the modules and reading material just to figure out the answer.",Negative,Neutral,0.7882795032888442
"Life changing experience. Lots of inspirations and motivates you to become better. Do the work , get the credit. Don't be lazy in Mike's class. Don't expect an A if you don't want to shoot, simple as that.",General Feedback,"Life changing experience. Lots of inspirations and motivates you to become better. Do the work , get the credit. Don't be lazy in Mike's class. Don't expect an A if you don't want to shoot, simple as that.",Positive,Neutral,0.5752803771012001
Was an important course.. can be dry at times but the prof did a good job in cracking jokes once in a while. Easy if you took data management in high school. The assignments were challengings but the midterm and final( both MCQ) were straightforward Would recommend taking it.,General Feedback,Was an important course.. can be dry at times but the prof did a good job in cracking jokes once in a while. Easy if you took data management in high school. The assignments were challengings but the midterm and final( both MCQ) were straightforward Would recommend taking it.,Positive,Neutral,0.7205048542149133
"Pollock is tough. Just because he is not a cakewalk like most general education classes are doesn't mean he is a bad teacher. Ya you read a lot, but its good for you in the long run. If you read and just try your hardest you will be fine. Also, he cares very much about his students. To this day I haven't seen a prof like that besides him",General Feedback,"Pollock is tough. Just because he is not a cakewalk like most general education classes are doesn't mean he is a bad teacher. Ya you read a lot, but its good for you in the long run. If you read and just try your hardest you will be fine. Also, he cares very much about his students. To this day I haven't seen a prof like that besides him",Positive,Neutral,0.5587188775854097
its an awful lot of hearing a guy talk for 40 minutes at a time with more pauses than actual content.,General Feedback,its an awful lot of hearing a guy talk for 40 minutes at a time with more pauses than actual content.,Negative,Neutral,0.6119404711333191
SEXY,General Feedback,SEXY,Positive,Neutral,0.7701776374024324
"Currently taking this course online and all we get are handouts. You basically just read the handout and answer the discussion question at the end of the handout. On top of that there are also some textbook readings. Kinda boring and dry. Also had to do some extra research about topics since the handouts are difficult to understand( at least for me). There are also 3 tests in total which are very heavy weighted, making them count for 85% of your grade( first test-30%/ second test-30%/ third test-25%). They consist of short answer, long answer and/ or essay questions. The rest of the 15% is from your discussions. Would not recommend if you're not that into philosophy.",General Feedback,"Currently taking this course online and all we get are handouts. You basically just read the handout and answer the discussion question at the end of the handout. On top of that there are also some textbook readings. Kinda boring and dry. Also had to do some extra research about topics since the handouts are difficult to understand( at least for me). There are also 3 tests in total which are very heavy weighted, making them count for 85% of your grade( first test-30%/ second test-30%/ third test-25%). They consist of short answer, long answer and/ or essay questions. The rest of the 15% is from your discussions. Would not recommend if you're not that into philosophy.",Negative,Neutral,0.649030681932247
"Pretty useful. Good introduction to Python after coming from Racket in CS115. Teaches fundamental concepts that you can transfer to other languages as well. Some assignments can be VERY time consuming. Overall, it's not a hard course.",General Feedback,"Pretty useful. Good introduction to Python after coming from Racket in CS115. Teaches fundamental concepts that you can transfer to other languages as well. Some assignments can be VERY time consuming. Overall, it's not a hard course.",Positive,Neutral,0.6012989052177465
"Pretty tough, I hadn't had a background in biology, so it was much harder for me, than someone who might've taken biology in high school.",General Feedback,"Pretty tough, I hadn't had a background in biology, so it was much harder for me, than someone who might've taken biology in high school.",Negative,Neutral,0.581187126900581
Havent really been on campus just had online teaching which has not been the greatest,General Feedback,Havent really been on campus just had online teaching which has not been the greatest,Negative,Neutral,0.6840155000682213
Very easy to get a good grade as long as you do the work. not super time-consuming.,General Feedback,Very easy to get a good grade as long as you do the work. not super time-consuming.,Positive,Neutral,0.6353552796364011
"This course was really easy! We had 6 quizzes, a midterm, and a final. I took it because it was required for a minor, but I really enjoyed the course.",General Feedback,"This course was really easy! We had 6 quizzes, a midterm, and a final. I took it because it was required for a minor, but I really enjoyed the course.",Positive,Neutral,0.5959600025548083
"Took this is a TE in 4A as a BME student. I'd say it's useful because I've seen some of these things in co-op terms when working for a company building an embedded device. Overall, I thought it was interesting. It's not an easy course but it's easy to get a decent mark with a moderate amount of studying. There's a lot of previous midterms and finals available so you'll know almost exactly how you'll be tested on the material, making it easy to study for.",General Feedback,"Took this is a TE in 4A as a BME student. I'd say it's useful because I've seen some of these things in co-op terms when working for a company building an embedded device. Overall, I thought it was interesting. It's not an easy course but it's easy to get a decent mark with a moderate amount of studying. There's a lot of previous midterms and finals available so you'll know almost exactly how you'll be tested on the material, making it easy to study for.",Positive,Neutral,0.7021495638116059
"He is one who loves math and is crazy about it , but in a good way. He is not just another prof doing a job he actually enjoys math.",General Feedback,"He is one who loves math and is crazy about it , but in a good way. He is not just another prof doing a job he actually enjoys math.",Positive,Neutral,0.5807024106850819
Mark heavily dependent on TA preference. Group members are a pain to work with.,General Feedback,Mark heavily dependent on TA preference. Group members are a pain to work with.,Negative,Neutral,0.6179044267904394
"Great course on( single-input single-output) feedback control systems, with a heavy focus on pole placement and design and analysis in the frequency domain. A good understanding of the prereq can get you pretty far into the first third or so of the course but there's a pretty large amount of material to learn afterward. Keeping up with the weekly problem sets and quizzes is highly recommended. Exam questions are often recycled from past stuff with a few numbers changed, so having a good understanding of the course week-by-week is extremely beneficial over catching up last minute. The tutorials and lectures are also helpful. Course notes are well-written and good for any details you missed or extra exercises you might want.",General Feedback,"Great course on( single-input single-output) feedback control systems, with a heavy focus on pole placement and design and analysis in the frequency domain. A good understanding of the prereq can get you pretty far into the first third or so of the course but there's a pretty large amount of material to learn afterward. Keeping up with the weekly problem sets and quizzes is highly recommended. Exam questions are often recycled from past stuff with a few numbers changed, so having a good understanding of the course week-by-week is extremely beneficial over catching up last minute. The tutorials and lectures are also helpful. Course notes are well-written and good for any details you missed or extra exercises you might want.",Positive,Neutral,0.4990249687350826
Fun course; learned about different encryption schemes and the math behind them. Our prof spent a large chunk of the course on a sample application field: Blockchain.,General Feedback,Fun course; learned about different encryption schemes and the math behind them. Our prof spent a large chunk of the course on a sample application field: Blockchain.,Positive,Neutral,0.5082124023702985
everything is up to par as you'd expect for a Russell group university.,General Feedback,everything is up to par as you'd expect for a Russell group university.,Positive,Neutral,0.8477180071490549
Not recommended,General Feedback,Not recommended,Negative,Neutral,0.7525210820216056
"Online course delivery was similar to Math137/8- slow, online Mobius videos. For the most part, the videos covered everything you need but for some weeks the videos were scuffed in that they assumed you had knowledge that you didn't have yet- in these cases, I'd recommend taking a look in the textbook. Greg Rice's in-person , weekly tutorials were godly- they covered the whole week's content+ good examples+ some hints about what to expect on the exams. Overall, the course was pretty light imo though I know some people struggled with the timing on exams( not enough time to finish), so make sure you practice that when prepping for exams. My biggest piece of advice( for online delivery) would be to get used to using R commands for calculating distributions- they make your life a lot easier & save time on exams.",General Feedback,"Online course delivery was similar to Math137/8- slow, online Mobius videos. For the most part, the videos covered everything you need but for some weeks the videos were scuffed in that they assumed you had knowledge that you didn't have yet- in these cases, I'd recommend taking a look in the textbook. Greg Rice's in-person , weekly tutorials were godly- they covered the whole week's content+ good examples+ some hints about what to expect on the exams. Overall, the course was pretty light imo though I know some people struggled with the timing on exams( not enough time to finish), so make sure you practice that when prepping for exams. My biggest piece of advice( for online delivery) would be to get used to using R commands for calculating distributions- they make your life a lot easier & save time on exams.",Positive,Neutral,0.7552175131467972
"Excellent facilities, good communication. ELE and iExeter could be improved",General Feedback,"Excellent facilities, good communication. ELE and iExeter could be improved",Neutral,Positive,0.9155738458065057
"This course is great for teaching you basic lab skills. Great for learning how to write lab books , time management , etc. For actual experimental skills, recent developments in the course makes that difficult since the prof organizes everything for you. Also, they mark really hard!",General Feedback,"This course is great for teaching you basic lab skills. Great for learning how to write lab books , time management , etc. For actual experimental skills, recent developments in the course makes that difficult since the prof organizes everything for you. Also, they mark really hard!",Negative,Positive,0.7685952226319677
"I hated that the lectures were asynchronous. The prof who teaches the lectures changes so the quality of the lectures vary. When you get a weak instructor or content is not clear, go to the WEEF TAs. Generally, it was not that bad and the tutorials were in-person which was nice. The main challange in this course was balancing it with all the other courses and finding time to study and learn the content.",General Feedback,"I hated that the lectures were asynchronous. The prof who teaches the lectures changes so the quality of the lectures vary. When you get a weak instructor or content is not clear, go to the WEEF TAs. Generally, it was not that bad and the tutorials were in-person which was nice. The main challange in this course was balancing it with all the other courses and finding time to study and learn the content.",Negative,Neutral,0.6287715543715566
She is pretty cool. Journal entries for pretty much every chapter. she really knows her stuff though. learned alot. make sure you do the reading. attendance is somewhat mandatory but for the most part she doesn't care. i'd take her if you have a chance,General Feedback,She is pretty cool. Journal entries for pretty much every chapter. she really knows her stuff though. learned alot. make sure you do the reading. attendance is somewhat mandatory but for the most part she doesn't care. i'd take her if you have a chance,Positive,Neutral,0.8993666898181196
Peter Balka is awful and unorganized. Course notes are okay to study from,General Feedback,Peter Balka is awful and unorganized. Course notes are okay to study from,Negative,Neutral,0.5334309652139051
I did extra work and I still didn't receive an A in the class,General Feedback,I did extra work and I still didn't receive an A in the class,Negative,Positive,0.5045708595607842
Course hard as heck but cool as heck too so its chill.,General Feedback,Course hard as heck but cool as heck too so its chill.,Positive,Neutral,0.5313496561804643
"Oh prof Ajie... he's not the most prepared( looks in the book 5 mins before class, just does examples) or the most clear( thick accent from Nigeria), but he just wants to see you try. I guarantee, go to office hours , do the labs , get a tutor , and he'll look the other way and give you a good grade. I had a 86 average, but still got an A. Nice!",General Feedback,"Oh prof Ajie... he's not the most prepared( looks in the book 5 mins before class, just does examples) or the most clear( thick accent from Nigeria), but he just wants to see you try. I guarantee, go to office hours , do the labs , get a tutor , and he'll look the other way and give you a good grade. I had a 86 average, but still got an A. Nice!",Positive,Neutral,0.8789258243407159
"Took this course, offered only online, and it was a nice break compared to other demanding math courses. the whole course is memorizing the textbook and extra video lessons provided online by the prof were essentially useless as they didn't cover 75 % of what was in the textbook / in the quizzes and tests. Not a demanding course through and fairly easy to do good in as long as you're writing notes every week, just a lot of memorization. the content of this course probably isn't interesting to most people as it just covers 10 different variations of life insurance and what they are used for, but I enjoyed the content nonetheless.",General Feedback,"Took this course, offered only online, and it was a nice break compared to other demanding math courses. the whole course is memorizing the textbook and extra video lessons provided online by the prof were essentially useless as they didn't cover 75 % of what was in the textbook / in the quizzes and tests. Not a demanding course through and fairly easy to do good in as long as you're writing notes every week, just a lot of memorization. the content of this course probably isn't interesting to most people as it just covers 10 different variations of life insurance and what they are used for, but I enjoyed the content nonetheless.",Neutral,Negative,0.5121796228870081
his tests are hard. only 3 students were passing in his class. so he said 80 is an A. otherwise we would be dead!!!,General Feedback,his tests are hard. only 3 students were passing in his class. so he said 80 is an A. otherwise we would be dead!!!,Negative,Neutral,0.49425780618788345
"A good introductory course to performing text, specifically monologues, as an individual. An engaging and interesting range of texts to study were chosen, focusing on developing characters most of the students in the class had little experience with. Nice class size, although we were working individually we got many chances to engage with our peers and classmates for feedback. The assignments are fairly weighted( 10-20% for each performance or assignment), lightening the course load a lot compared to other courses that have fewer assessments weighted much heavier. Just come prepared to workshops( it's a matter of memorising your texts/ doing some independent rehearsal times) and you'll do well in this course.",General Feedback,"A good introductory course to performing text, specifically monologues, as an individual. An engaging and interesting range of texts to study were chosen, focusing on developing characters most of the students in the class had little experience with. Nice class size, although we were working individually we got many chances to engage with our peers and classmates for feedback. The assignments are fairly weighted( 10-20% for each performance or assignment), lightening the course load a lot compared to other courses that have fewer assessments weighted much heavier. Just come prepared to workshops( it's a matter of memorising your texts/ doing some independent rehearsal times) and you'll do well in this course.",Positive,Neutral,0.5658789933803624
I would say it is as easy or hard as you make it! If you really want to learn this awesome techniques and concepts you need to psu hyourself,General Feedback,I would say it is as easy or hard as you make it! If you really want to learn this awesome techniques and concepts you need to psu hyourself,Neutral,Positive,0.6415028517513092
