text,aspect,context,actual_sentiment,predicted_sentiment,positive_probability,neutral_probability,negative_probability,error_type
"This teacher is impossible to understand, won't return emails. When she does post things for her online class there are many spelling errors, which makes me wonder if she's even legit. lol She doesn't answer questions, and she's just irritating. If you have the choice, NEVER take any of her classes.",teacher,doesn't answer questions,Negative,Neutral,0.059058717274194095,0.5123000050610718,0.4286412776647341,False Neutral
"Took this course as an elective and I really enjoyed it. I didn't really have much science background from high school either but they taught the course really well and there is very little-if anything-you need to clarify beyond the lecture notes. That being said, make sure to take good lecture notes because the words on the slides alone are not enough to easily build a good understanding, at least for me. If you review well before exams and attend class 90 is very doable.",words on the slides,not enough to easily build a good understanding,Negative,Neutral,0.27077482202991415,0.5964274408577791,0.1327977371123068,False Neutral
Took Distributed Development class. Professor was very helpful in answering questions and took an active interest in class discussions. Overall a good survey class that covers a broad array of material. No exams. Weekly projects required just the right amount of effort to learn but not feel overwhelmed.,Weekly projects,not feel overwhelmed,Positive,Neutral,0.1423494269279705,0.44583397255546636,0.41181660051656327,False Neutral
Took Distributed Development class. Professor was very helpful in answering questions and took an active interest in class discussions. Overall a good survey class that covers a broad array of material. No exams. Weekly projects required just the right amount of effort to learn but not feel overwhelmed.,Weekly projects,just the right amount of effort,Positive,Neutral,0.10094402521632048,0.5138296056573496,0.3852263691263299,False Neutral
The assignments are so ridiculously hard like I don't understand how this class has an easy rating. NOT as easy course. If you don't understand Excel and have a lame TA- good luck.,course,NOT as easy,Negative,Neutral,0.026298673149529873,0.7733122633910392,0.20038906345943092,False Neutral
"Basic calculus course, if you did fine in high school you should be okay. Proofs can be a bit tough but with practice you'll be fine.",Proofs,with practice you'll be fine,Neutral,Positive,0.7045480281105633,0.27365124967696,0.021800722212476663,False Positive/Negative Neutral
"Basic calculus course, if you did fine in high school you should be okay. Proofs can be a bit tough but with practice you'll be fine.",Proofs,a bit tough,Negative,Neutral,0.009350597212372334,0.594668429763217,0.3959809730244106,False Neutral
"Lindsey is an extremely friendly and well-organized teacher. He is very understanding and loves to help you out if you are feeling lost. However, this doesn't mean you can slack off. Lots of writing assignments but clear expectations. Great teacher and inspirational man:)",writing assignments,Lots of,Negative,Neutral,0.10484860384295931,0.6081360553425778,0.287015340814463,False Neutral
Solid foundational course for mechanical and civil engineering. Clear curriculum with logical flow. Bridge project is fun. Could have been made a bit more interesting if it covered more commonly used techniques such as finite element analysis.,course,foundational,Neutral,Positive,0.5256942859229654,0.23549095081022076,0.23881476326681375,False Positive/Negative Neutral
Lots of assignments.,assignments,Lots of,Negative,Neutral,0.10938533660916004,0.590471526758441,0.30014313663239894,False Neutral
"Much easier than Biol 240. I think the breakdown was like 30% Lab which consisted of like a 50% Lab final, and other lab stuff( quizzes, lab reports). 25% midterm and 45% final? I can't remember. Though the content was much easier to memorize and was more straightforward than the Biol 240. The lecture component is easy, but what would brought my mark down was the lab component which should've been easy but I ended up in a section where the TA marked hella hard so it's kinda up to luck.",lab component,kinda up to luck,Neutral,Negative,0.05135756264571971,0.19880101248607207,0.7498414248682083,False Positive/Negative Neutral
"Much easier than Biol 240. I think the breakdown was like 30% Lab which consisted of like a 50% Lab final, and other lab stuff( quizzes, lab reports). 25% midterm and 45% final? I can't remember. Though the content was much easier to memorize and was more straightforward than the Biol 240. The lecture component is easy, but what would brought my mark down was the lab component which should've been easy but I ended up in a section where the TA marked hella hard so it's kinda up to luck.",lab component,should've been easy,Neutral,Negative,0.2729646005701684,0.20604761977832586,0.5209877796515057,False Positive/Negative Neutral
"Its tragic this is an antreq with SYDE 522 cause it is nothing like it. 2/ 3 of the "" AI "" methods taught in this course are archaic and pretty much useless, so much so that the professor feels like he needs to validate why we are learning the content every other week. The assignments weren't hard but usually very tedious. You could spend 10 hours on one of the 5% assignments for your entire grad be determined by a 1 hour 30% midterm or 50% final.",SYDE 522,nothing like,Neutral,Negative,0.12861005349865137,0.38138408848683675,0.4900058580145118,False Positive/Negative Neutral
"Its tragic this is an antreq with SYDE 522 cause it is nothing like it. 2/ 3 of the "" AI "" methods taught in this course are archaic and pretty much useless, so much so that the professor feels like he needs to validate why we are learning the content every other week. The assignments weren't hard but usually very tedious. You could spend 10 hours on one of the 5% assignments for your entire grad be determined by a 1 hour 30% midterm or 50% final.",assignments,weren't hard,Neutral,Negative,0.08632800064471462,0.2779435295513186,0.6357284698039668,False Positive/Negative Neutral
"I took Chem 139 as an online class and really enjoyed her teaching style; everything is laid out very clearly, she allows you to pretty much go at your own pace, and her lectures are easy to follow. There's also a ton of opportunities for extra credit and you don't have to buy a textbook. It's an easy A if you put in the work.",textbook,you don't have to buy,Positive,Neutral,0.042649298087137896,0.9244964140750084,0.0328542878378538,False Neutral
"Wanna hear him talk to himself as he repeats the same word enough times to make you sick of it for 75 minutes straight? No? Well too bad cause that's how he does things. If you do not understand things from the get-go, you'll have a hard time in his class. Lectures are painful and his tests look more like English tests than a Stat test.",his tests,look more like English tests than a Stat test,Negative,Neutral,0.30658725534461656,0.35374076875584853,0.33967197589953496,False Neutral
"Go to the open labs!! A lot of the TAs aren't the greatest so it's important you go to the open labs where the TAs are amazing and you learn the whole experiment no problem. It's very possible to ge all of these experiments ad reports done within a hour and a half to two hours. Reports are super easy( actually write everything before hand if you can). No final, so easy 90 +",open labs,Go to,Positive,Neutral,0.4145184984455318,0.44962604469309286,0.13585545686137535,False Neutral
Great instructor! I am currently taking her intro to chem. Things do go pretty quick but she has a curriculum to follow. She is always willing to explain and is available when needed. The material is not easy. Studying is MANDATORY. Workload is decent.,material,not easy,Negative,Neutral,0.03398644447048458,0.5179294410856452,0.44808411444387025,False Neutral
Great instructor! I am currently taking her intro to chem. Things do go pretty quick but she has a curriculum to follow. She is always willing to explain and is available when needed. The material is not easy. Studying is MANDATORY. Workload is decent.,Studying,MANDATORY,Neutral,Negative,0.2831790184563734,0.268409013156064,0.44841196838756253,False Positive/Negative Neutral
Great instructor! I am currently taking her intro to chem. Things do go pretty quick but she has a curriculum to follow. She is always willing to explain and is available when needed. The material is not easy. Studying is MANDATORY. Workload is decent.,Workload,decent,Neutral,Positive,0.4442992555263476,0.42027886157385075,0.13542188289980173,False Positive/Negative Neutral
She is the worst teacher ever... Her exams are essay all written and even if you miss a single word on the essay she cuts of 6 points in the essay. Don't take her if you want an A. Her notes are useless you have to read the book to understand what she writes because her notes are very unclear. And on top of everything else she gives you attitude.,Her exams,essay all written,Neutral,Negative,0.2962988233262195,0.23359449794717058,0.4701066787266099,False Positive/Negative Neutral
"Took it with Gurfinkel and was not expecting to be doing so much theory for a"" bird"" course. Guess the course description is really up to interpretation by the prof teaching it. We only talked about actual unit testing for a few weeks, then got into symbolic execution, propositional/ first order logic, Hoare logic( CS 245 anyone??), and deductive verification( at least this was slightly enjoyable). 3 assignments, 2 open book quizzes. Final was also open book, but very long and many people didn't finish.",course,not expecting to be doing so much theory,Negative,Neutral,0.034363079933930334,0.5661478709638711,0.3994890491021987,False Neutral
"Took it with Gurfinkel and was not expecting to be doing so much theory for a"" bird"" course. Guess the course description is really up to interpretation by the prof teaching it. We only talked about actual unit testing for a few weeks, then got into symbolic execution, propositional/ first order logic, Hoare logic( CS 245 anyone??), and deductive verification( at least this was slightly enjoyable). 3 assignments, 2 open book quizzes. Final was also open book, but very long and many people didn't finish.",course description,really up to interpretation,Neutral,Negative,0.2380654851769119,0.06301287469434153,0.6989216401287466,False Positive/Negative Neutral
"Took it with Gurfinkel and was not expecting to be doing so much theory for a"" bird"" course. Guess the course description is really up to interpretation by the prof teaching it. We only talked about actual unit testing for a few weeks, then got into symbolic execution, propositional/ first order logic, Hoare logic( CS 245 anyone??), and deductive verification( at least this was slightly enjoyable). 3 assignments, 2 open book quizzes. Final was also open book, but very long and many people didn't finish.",Final,many people didn't finish,Negative,Neutral,0.058979575277930386,0.48072015924046013,0.46030026548160946,False Neutral
"Professor Freedman is a great teacher! I really enjoyed this class and as long as you all the work in, you'll enjoy it too. Make sure you read her emails frequently because she sends a lot of those and you don't want to miss out on something important and be the only person in class who didn't get the memo. Make sure you follow her speech format.",her emails,a lot of those,Neutral,Negative,0.12509042606886245,0.10978315723433764,0.7651264166967999,False Positive/Negative Neutral
"Really great teacher. You either know it or you dont kind of class. Raw humor, pretty funny guy",teacher,Raw humor,Neutral,Positive,0.46874247012280096,0.12287531296434946,0.4083822169128496,False Positive/Negative Neutral
"Incredible campus, such a beautiful working environment! Student Guild staff are generally very helpful, certain members are especially. The university itself is a mixed bag- certain professors are exceptionally passionate , dedicated and considerate to their students, whereas others are clearly more concerned with their own ego than the welfare and progression of their students. The overall feel of the university is extremely bureaucratic and gives the impression that it’s primary focus is to be ran as a business for making money and boosting the reputation of its senior staff members and not the students under its care.",university,a mixed bag,Neutral,Positive,0.47233625867945095,0.40517279122647454,0.1224909500940746,False Positive/Negative Neutral
"Incredible campus, such a beautiful working environment! Student Guild staff are generally very helpful, certain members are especially. The university itself is a mixed bag- certain professors are exceptionally passionate , dedicated and considerate to their students, whereas others are clearly more concerned with their own ego than the welfare and progression of their students. The overall feel of the university is extremely bureaucratic and gives the impression that it’s primary focus is to be ran as a business for making money and boosting the reputation of its senior staff members and not the students under its care.",it’s primary focus,ran as a business,Negative,Neutral,0.18921853223740548,0.4078866025461045,0.4028948652164901,False Neutral
"One of the highest marks I've had in the last four years. There were a lot of bonus marks and extra questions to keep marks high. The work is actually tough, but it's a good kind of tough if you like proofs. The assignments are pretty manageable if you start early.",work,tough,Neutral,Negative,0.00414112676764469,0.01512538807445716,0.9807334851578983,False Positive/Negative Neutral
"I can see the course being useful for other students, however I don't see the application to my daily life personally. I disliked this course strongly, due to my struggle with math and economic concepts, and was unfortunately required to take this course. Would not have taken it otherwise.",course,don't see the application to my daily life,Negative,Neutral,0.20386845101025264,0.4737178702052059,0.32241367878454147,False Neutral
some memorization required for the midterm,midterm,some memorization required,Neutral,Negative,0.019764757828719105,0.48445502626705295,0.49578021590422794,False Positive/Negative Neutral
"Professor Bozin is a real cool guy once you get in his class and know him a bit. funny person overall and cares about his students and their success. the class is no fluff off however you must really work your rear end off to get a reasonable grade in this class. Tests are HARD and sometimes can be confusing. Overall , I would take him again!",class,no fluff off,Neutral,Negative,0.058118274175656265,0.07616704806588503,0.8657146777584587,False Positive/Negative Neutral
"Professor Bozin is a real cool guy once you get in his class and know him a bit. funny person overall and cares about his students and their success. the class is no fluff off however you must really work your rear end off to get a reasonable grade in this class. Tests are HARD and sometimes can be confusing. Overall , I would take him again!",get a reasonable grade,you must really work your rear end off,Neutral,Positive,0.42610630126858495,0.4160156405746046,0.15787805815681039,False Positive/Negative Neutral
"Bob is a very intelligent , respectable professor. Though this class was interesting, most of the information isn't useful unless you plan to be a mineralogist. The necessity of sheer memorization for parts of the exams is disappointing. Be sure to learn how to do the problems a few days before the exam, because there aren't examples in the notes.",the notes,aren't examples,Neutral,Negative,0.09396479322410549,0.25231141178473976,0.6537237949911548,False Positive/Negative Neutral
"You kind of get the basic knowledge of environmental problems, economics, governance, ecology etc. but it's not a very exciting class. There is no midterm so your grade is based off of a term paper and the final exam which is worth 60%.",class,get the basic knowledge,Neutral,Positive,0.5195649895291699,0.3855204309585785,0.09491457951225163,False Positive/Negative Neutral
"I really enjoyed this course, Elena is a sweetheart and makes the class really engaging. The content was very interesting and the case studies and assignments were fair. Definitely need the textbook.",the textbook,Definitely need,Positive,Neutral,0.23488878984631287,0.695536926019403,0.06957428413428413,False Neutral
"It’s difficult for me to rate the aspects of the university because due to COVID I haven’t spent a lot of time on campus. As far as I can tell so far the societies are diverse and communicate with freshers very well. Same with the careers service- revaluation emails for student jobs etc. I haven’t personally heard a lot from students union or what they’re up to, but they handled issues with grading due to covid very well.",students union,haven’t personally heard a lot from,Neutral,Negative,0.086272617196385,0.2800533606214303,0.6336740221821846,False Positive/Negative Neutral
Being Taught by a new prof who just graduated from UW. This course teaches you advanced calculus skills. You need to be really good at imagining 3-dimensional curves / surfaces to figure out what is going( Particularly for path/ surface/ volume integrals). The course notes are really helpful.,figure out what is going,You need to be really good at imagining 3-dimensional curves / surfaces,Neutral,Positive,0.6756477729672311,0.2264854711829253,0.09786675584984357,False Positive/Negative Neutral
"Just a lot of guest speakers, not particularly exciting. If you like learning about resources the school as to offer and tips for things like studying and exam taking, you might enjoy this class as it is useful for that type of thing.",guest speakers,not particularly exciting,Negative,Neutral,0.0987771277028441,0.6163388199773647,0.2848840523197913,False Neutral
"This course in concept is very useful, however there is a great focus on language specific knowledge as well as memorization for exams. Would not recommend this course, take some online course instead.",memorization,however there is a great focus on,Negative,Neutral,0.03096682661120741,0.839262426467311,0.12977074692148163,False Neutral
"This course in concept is very useful, however there is a great focus on language specific knowledge as well as memorization for exams. Would not recommend this course, take some online course instead.",language specific knowledge,however there is a great focus on,Negative,Neutral,0.17432530115589354,0.7251883374760143,0.10048636136809228,False Neutral
"As other say, stay away from this prof. He's not helpful at all. When your in the class your on your own. if you want to maintain your Grade do not take this prof.",class,your on your own,Negative,Neutral,0.2098305143924282,0.4883627590229054,0.30180672658466656,False Neutral
She is very out there but she provides worksheets and help when you ask for it. She does not have good control of the class though and some students tend to take advantage of that.,She,very out there,Neutral,Negative,0.3640074078857157,0.15553543642863352,0.48045715568565084,False Positive/Negative Neutral
She is very out there but she provides worksheets and help when you ask for it. She does not have good control of the class though and some students tend to take advantage of that.,control of the class,does not have good,Negative,Neutral,0.16603935759384325,0.6130260298806496,0.22093461252550722,False Neutral
I gotta say I truly only stayed in her class cuz she is pretty hot for a teacher. MAterial isnt too hard slightly tricky but she is helpful. I think she curves. Goes over the material in an interactive manner and has facebook so look her up.,MAterial,slightly tricky,Neutral,Negative,0.060163550820447435,0.2418653971511464,0.6979710520284061,False Positive/Negative Neutral
I gotta say I truly only stayed in her class cuz she is pretty hot for a teacher. MAterial isnt too hard slightly tricky but she is helpful. I think she curves. Goes over the material in an interactive manner and has facebook so look her up.,MAterial,isnt too hard,Positive,Neutral,0.12396145033331335,0.7976019581183266,0.07843659154836,False Neutral
I gotta say I truly only stayed in her class cuz she is pretty hot for a teacher. MAterial isnt too hard slightly tricky but she is helpful. I think she curves. Goes over the material in an interactive manner and has facebook so look her up.,teacher,curves,Neutral,Positive,0.8120266513093422,0.07737149154647512,0.11060185714418277,False Positive/Negative Neutral
Yet another one from Stenberg.... keep very low expectations. Expect this prof. to be an extremely hard marker. Don't expect a rational.,Stenberg,Don't expect a rational,Negative,Neutral,0.015877009485118408,0.7059867784546467,0.27813621206023487,False Neutral
Great Professor. Expect a lot of reading and homework assignments. Gives quizzes every single week. This class requires a lot of work but overall the class is very interesting and fun. Take him he is great.,work,requires a lot,Neutral,Negative,0.0443168193108955,0.37751666786232446,0.57816651282678,False Positive/Negative Neutral
"Lots of readings, Weekly Quizzes on multiple chapters, Few assignments, Tough Grader. You either do really good or really bad in her class. No tests, one big group project and one final quiz.",readings,Lots of,Negative,Neutral,0.05143427199607563,0.4821004795912026,0.4664652484127217,False Neutral
"Lots of readings, Weekly Quizzes on multiple chapters, Few assignments, Tough Grader. You either do really good or really bad in her class. No tests, one big group project and one final quiz.",her class,You either do really good or really bad,Neutral,Positive,0.6666437352991171,0.2422588268794376,0.09109743782144519,False Positive/Negative Neutral
"The material COULD be interesting. The course was one of the most horribly taught I've ever seen. I went from a 59 to an 80 on the midterm after being remarked. We were literally NOT TAUGHT something on the midterm. Just try not to fail, because then you'll have to do it again.",material,COULD be interesting,Neutral,Positive,0.6150756567522904,0.14625898993083872,0.23866535331687083,False Positive/Negative Neutral
"Easy, but NOT as easy as I wanted it to be... The first couple weeks was fine, but then it just got worse. If you take it online, you have to read all the modules on LEARN and memorize the content. It was pretty challenging, but fun. If you hate computers, you'll hate this course. But if you're curious about computers, take it!",this course,you'll hate,Negative,Neutral,0.22086403840712268,0.4389624801387219,0.3401734814541555,False Neutral
A nice bird course if you're into learning a new language. I wouldn't advise going past 102 unless you're genuinely looking to learn Japanese. It would be too much trouble learning Kanji. If you had trouble memorizing the kana then have fun in 201.,201,have fun,Neutral,Positive,0.5668515135714243,0.35014892401933784,0.0829995624092379,False Positive/Negative Neutral
University of Exeter has met expectations I did not even have before. Half of the lecturers for my course( Sports and Exercise Medical Science) were very knowledgable. The St Luke and Streatham campuses are not too far from the city centre. I enjoyed the societies( Muay Thai and Jiu-Jitsu). They allowed me to meet people from different backgrounds. My only complaint is the University Community Mental Health Team. I had 5 sessions with them for my Mixed Anxiety and Depressive Disorder. It was very unhelpful as the nurse was always unprepared and seemingly inattentive.,St Luke and Streatham campuses,not too far from the city centre,Positive,Neutral,0.38826313802950074,0.39037727154297913,0.2213595904275201,False Neutral
He is my favorite professor! He really knows the material and knows how to deliver it well for students to understand. He cares about his students and does not give a lot of homework at all. He gives long PowerPoint lectures but he keeps you interested. Definitely recommend to take him!,professor,gives long PowerPoint lectures,Neutral,Negative,0.3089627973137441,0.05796268303743341,0.6330745196488226,False Positive/Negative Neutral
"Assignments are really difficult that you have to spend a lot of time trying to think of a solution, I don't think worth doing that way anyway. Tests are just variants of the assignments so just copy the assignment's solutions again and again before the midterm or final then you will be really fine.",Tests,you will be really fine,Neutral,Positive,0.8040007989923037,0.18018604613989583,0.015813154867800456,False Positive/Negative Neutral
"A very wishy-washy course, with all the problems of SE 463. Assignments aren't terribly helpful in building understanding, but the in-class "" quizzes "" are very similar to exam questions, so they are usually worth going over.",Assignments,aren't terribly helpful,Negative,Neutral,0.059957715039139416,0.5364453353276255,0.40359694963323506,False Neutral
"Honestly, only great things can be said about her. She is truly interested in the subject which is one of the best things, but she is also a very fair grader. You will learn a lot and she makes is very interesting and fun. Nevertheless take the class seriously she will not just handout As, but at the same time it is very possible to get one.",she,will not just handout As,Neutral,Negative,0.14433792497322867,0.37597995104990883,0.47968212397686255,False Positive/Negative Neutral
"As long as you are willing to put in( even minimal) effort, you'll make it in this class. She's a killer on grammar in papers, but grades fair and makes you work for the A. But if you're not one for participating in class, don't take Bart, because she's pretty insistent on making sure everyone readsunderstands the material in the discussions.",Bart,pretty insistent on making sure everyone readsunderstands the material,Neutral,Positive,0.7370133978492147,0.1056449470585526,0.15734165509223272,False Positive/Negative Neutral
"Although the assignments weren't too hard, be prepared for a very time-consuming course-load.",assignments,weren't too hard,Positive,Neutral,0.19191822585184967,0.5508439399893956,0.25723783415875473,False Neutral
You need the book so this course can become easy. 1/3 of the questions are from the book so it is a must. Class avg is 77% for the 2nd midterm,book,it is a must,Positive,Neutral,0.08823843821423777,0.8896619422775218,0.022099619508240378,False Neutral
Without a doubt the most useless course I have ever taken in my entire life. It is not a bird course- you will have to work hard but will not receive a reward for your efforts.,course-,not a bird,Neutral,Negative,0.06350647899755743,0.44766032979111847,0.4888331912113241,False Positive/Negative Neutral
"Jessica is a great professor. I was never interested in art, and after this class.. let's just say I have a new hobby. She is fun and energetic, you will never be bored in her class. I am not an art-sy person and I ended up getting an A because she just wants you to really try do the projects and always be there. Oh, and we didn't use a book!",this class,I have a new hobby,Positive,Neutral,0.24321650933269612,0.5671899236129764,0.18959356705432753,False Neutral
"Bit few study spaces, sometimes get the impression that the uni doesn’t really care about its students , nor its staff. Module choice is alright , but nothing extraordinary. If you decide to study politics/ IR, be prepared for a lack of support, teaching about methods and that everything happens really late. It’s a green campus campus, the library is a bit sad but are other options on campus once you find them. The 2 pound meal is a plus. Be prepared for the hill and high rent.",the hill,Be prepared for,Negative,Neutral,0.125474795705028,0.5282438906896619,0.34628131360531006,False Neutral
GET READY CAUSE THIS COURSE SEEMS EASY BUT IS NOT !!!! GREAT PROFESSOR,THIS COURSE,SEEMS EASY BUT IS NOT !!!!,Negative,Neutral,0.004785804446318848,0.9488805951915545,0.04633360036212653,False Neutral
"Lectures were very straightforward and easy to understand. He does use clickers for participation and quizzes. Students are given a study guide and are allowed to use a page of hand written notes on his tests. If you just go over the study guide, you won't need the page of notes. I felt that using the page of notes didn't help me much on tests",page of notes,didn't help me much on tests,Neutral,Negative,0.08917339010491504,0.02550819019043009,0.8853184197046549,False Positive/Negative Neutral
"Everything before assemblies and memory was incredibly easy to understand and follow. So easy that our professor got super salty because the marks were too high and explicitly stated that he would"" take extra precautions"" when making the final. He ended up making like 10 versions of the final, each one with varying levels of question difficulty. Really did not enjoy the course after midterms.",professor,got super salty,Neutral,Positive,0.6584443774616558,0.28781403741956196,0.053741585118782124,False Positive/Negative Neutral
"Everything before assemblies and memory was incredibly easy to understand and follow. So easy that our professor got super salty because the marks were too high and explicitly stated that he would"" take extra precautions"" when making the final. He ended up making like 10 versions of the final, each one with varying levels of question difficulty. Really did not enjoy the course after midterms.",final,10 versions,Negative,Neutral,0.3139340405982837,0.3706917929671757,0.3153741664345405,False Neutral
"Everything before assemblies and memory was incredibly easy to understand and follow. So easy that our professor got super salty because the marks were too high and explicitly stated that he would"" take extra precautions"" when making the final. He ended up making like 10 versions of the final, each one with varying levels of question difficulty. Really did not enjoy the course after midterms.",final,varying levels of question difficulty,Negative,Neutral,0.10704079595116152,0.7576170609073654,0.13534214314147303,False Neutral
"University is good, there could be more and diverse eating options, student guild and facilities are great. But university is huge and locating certain buildings can be bit challenging as it’s a hilly campus.",university,huge,Neutral,Positive,0.6670468097863896,0.10791949524193153,0.22503369497167885,False Positive/Negative Neutral
"University is good, there could be more and diverse eating options, student guild and facilities are great. But university is huge and locating certain buildings can be bit challenging as it’s a hilly campus.",locating certain buildings,bit challenging,Negative,Neutral,0.1303590163941871,0.7020963232811763,0.16754466032463644,False Neutral
"University is good, there could be more and diverse eating options, student guild and facilities are great. But university is huge and locating certain buildings can be bit challenging as it’s a hilly campus.",campus,hilly,Neutral,Positive,0.6793057511630275,0.2150328438713095,0.10566140496566308,False Positive/Negative Neutral
"University is good, there could be more and diverse eating options, student guild and facilities are great. But university is huge and locating certain buildings can be bit challenging as it’s a hilly campus.",campus,huge,Neutral,Positive,0.6098907462604449,0.19895584168118174,0.19115341205837333,False Positive/Negative Neutral
Very straight forward class but by no means an easy A. HEAVY on notes but she never asks anything on tests or quizzes that wasn't specifically in the notes. Class is 4 tests which are 80 multiple choice and 2 essay each. Questions on final are copied and pasted directly from first 4 tests. Doesn't take attendance but you WILL fail if you miss class,she,HEAVY on notes,Neutral,Negative,0.028361116345016753,0.0988343257632108,0.8728045578917724,False Positive/Negative Neutral
"Wasn't the easiest course, programming with MIPS takes some getting used to. Concepts aren't hard in general.",course,Wasn't the easiest,Negative,Neutral,0.0334983887835666,0.9123705303044068,0.05413108091202661,False Neutral
"Wasn't the easiest course, programming with MIPS takes some getting used to. Concepts aren't hard in general.",Concepts,aren't hard in general,Positive,Neutral,0.025178231635535155,0.9541397780570529,0.020681990307411826,False Neutral
"Every week, your mind will be blown due to how insane some of the proofs become.",some of the proofs,insane,Neutral,Negative,0.10454059775031496,0.11789706950422478,0.7775623327454603,False Positive/Negative Neutral
"This professor is a lot of fun. She's so funny! BUT there is A LOT of material to cover& she moves FAST. You can't screw off. Her tests are from her lectures so PRINT her online lecture notes and fill them in during lectures. Review notes daily. Use the book only as needed. Her exams are fill in the blank, so STUDY LECTURE NOTES well.",material,A LOT,Negative,Neutral,0.06688082907244076,0.6239422061190375,0.30917696480852164,False Neutral
"The topics were interesting but I think they were very outdated. Large portion of the course was spent on traditional AI techniques such as A* search algorithm, constraint satisfaction, and rational reasoning, which aren't very useful. There was little focus on machine learning. The assignments were also not very useful, but they could depend on the the term. It does give an overview of AI so it's worth taking",traditional AI techniques,aren't very useful,Negative,Neutral,0.15093065576387604,0.5730383312434103,0.2760310129927137,False Neutral
"Made lecture fun to go to, only fell asleep like once. The readings are super hard. If you think you can just read and then skip lecture you are wrong. He gives clear notes in class if you write down everything he says you'll be fine. He tends to curve exams by about 15-20 points, I uaually got extra credit on them. 3 Discussion posts weekly",exams,tends to curve,Positive,Neutral,0.15480148359412693,0.6368707621594767,0.20832775424639643,False Neutral
"Awful prof, gives no leniency when it comes to catching up on missed work. Even when you tell her at the start of the course that you will be away, she refuses to acknowledge honesty and only wants a doctor's note. Slides aren't detailed and she speaks too fast to write decent notes. Her inclass assignments teach little about the content.",Slides,aren't detailed,Negative,Neutral,0.02815650605010897,0.7296659116663916,0.24217758228349942,False Neutral
The material in this course comes up again in SE 380.,material in this course,comes up again in SE 380,Neutral,Negative,0.23440423995703433,0.22345181830219119,0.5421439417407745,False Positive/Negative Neutral
A really fun course. Also lets you see how non-STEM research works if you have not been exposed.,course,lets you see how non-STEM research works,Neutral,Positive,0.568249134545788,0.17175346422037535,0.2599974012338367,False Positive/Negative Neutral
"I would have liked to see a Physics based section similar to MATH 137P& 138P. That being said the course covered exactly as mentioned in the above description( in that order). Assignments and quizzes alternated every week. The quizzes are a bit easier but you have less time and you're more likely to make a mistake. Not too difficult in the end if you go to all the lectures and understand the material. Not many applications, just straight up Calculus.",course,Not many applications,Negative,Neutral,0.06209465519631686,0.8043742759811561,0.13353106882252708,False Neutral
"I would have liked to see a Physics based section similar to MATH 137P& 138P. That being said the course covered exactly as mentioned in the above description( in that order). Assignments and quizzes alternated every week. The quizzes are a bit easier but you have less time and you're more likely to make a mistake. Not too difficult in the end if you go to all the lectures and understand the material. Not many applications, just straight up Calculus.",quizzes,a bit easier,Positive,Neutral,0.168829179176923,0.6807992835331053,0.15037153728997174,False Neutral
"I would have liked to see a Physics based section similar to MATH 137P& 138P. That being said the course covered exactly as mentioned in the above description( in that order). Assignments and quizzes alternated every week. The quizzes are a bit easier but you have less time and you're more likely to make a mistake. Not too difficult in the end if you go to all the lectures and understand the material. Not many applications, just straight up Calculus.",quizzes,you have less time and you're more likely to make a mistake,Negative,Neutral,0.09776489132367572,0.4904177905831373,0.41181731809318695,False Neutral
"Sighs. Honestly, I hated this course- maybe online teaching just didn't work for the content and type of teaching style this course needs. Not enough technical guidance, just a couple of tutorials and you're expected to teach yourself the bulk of the programs used since the classes largely focus more on design theory. The rubric and marking scheme is rather unfair in my opinion- a high A is only achievable with"" award-worthy, industry-ready work"", which is a) unfeasible for a 101 course and b) especially unfeasible given the amount of teaching done and the spreading of the deadlines, in which they basically fling projects at you until you somehow are expected to become an Adobe Suite master. Not everyone who goes into this course is proficient in photography or illustration, and no amount of assistance is given to these people to set them on par with the more proficient students, resulting in many being extremely demotivated. Maybe some sort of class separation by skill level would've worked better? Either way, this class honestly made me reconsider my entire decision to take up GBDA :(",this course,Sighs,Negative,Neutral,0.30945851690592246,0.3700548441255274,0.3204866389685502,False Neutral
"Sighs. Honestly, I hated this course- maybe online teaching just didn't work for the content and type of teaching style this course needs. Not enough technical guidance, just a couple of tutorials and you're expected to teach yourself the bulk of the programs used since the classes largely focus more on design theory. The rubric and marking scheme is rather unfair in my opinion- a high A is only achievable with"" award-worthy, industry-ready work"", which is a) unfeasible for a 101 course and b) especially unfeasible given the amount of teaching done and the spreading of the deadlines, in which they basically fling projects at you until you somehow are expected to become an Adobe Suite master. Not everyone who goes into this course is proficient in photography or illustration, and no amount of assistance is given to these people to set them on par with the more proficient students, resulting in many being extremely demotivated. Maybe some sort of class separation by skill level would've worked better? Either way, this class honestly made me reconsider my entire decision to take up GBDA :(",teaching,basically fling projects at you,Negative,Neutral,0.21751355112985313,0.4330646894155941,0.34942175945455267,False Neutral
"Sighs. Honestly, I hated this course- maybe online teaching just didn't work for the content and type of teaching style this course needs. Not enough technical guidance, just a couple of tutorials and you're expected to teach yourself the bulk of the programs used since the classes largely focus more on design theory. The rubric and marking scheme is rather unfair in my opinion- a high A is only achievable with"" award-worthy, industry-ready work"", which is a) unfeasible for a 101 course and b) especially unfeasible given the amount of teaching done and the spreading of the deadlines, in which they basically fling projects at you until you somehow are expected to become an Adobe Suite master. Not everyone who goes into this course is proficient in photography or illustration, and no amount of assistance is given to these people to set them on par with the more proficient students, resulting in many being extremely demotivated. Maybe some sort of class separation by skill level would've worked better? Either way, this class honestly made me reconsider my entire decision to take up GBDA :(",photography or illustration,Not everyone who goes into this course is proficient,Negative,Neutral,0.1232800462586764,0.4882071964951644,0.388512757246159,False Neutral
"Sighs. Honestly, I hated this course- maybe online teaching just didn't work for the content and type of teaching style this course needs. Not enough technical guidance, just a couple of tutorials and you're expected to teach yourself the bulk of the programs used since the classes largely focus more on design theory. The rubric and marking scheme is rather unfair in my opinion- a high A is only achievable with"" award-worthy, industry-ready work"", which is a) unfeasible for a 101 course and b) especially unfeasible given the amount of teaching done and the spreading of the deadlines, in which they basically fling projects at you until you somehow are expected to become an Adobe Suite master. Not everyone who goes into this course is proficient in photography or illustration, and no amount of assistance is given to these people to set them on par with the more proficient students, resulting in many being extremely demotivated. Maybe some sort of class separation by skill level would've worked better? Either way, this class honestly made me reconsider my entire decision to take up GBDA :(",assistance,no amount,Negative,Neutral,0.1067887929887756,0.5691490766557366,0.32406213035548803,False Neutral
"I waited 15 months to take the Spanish again; to my surprise I had an amazing experience. The teacher kept the class engaged by applying various technics that worked for different types of learners. The class is not easy, however, if you follow her guidelines, you are on the path to success, especially if you never learned Spanish before.",class,not easy,Negative,Neutral,0.021992474690678682,0.5926915229322706,0.3853160023770508,False Neutral
"This is the 2nd class I've had Tom for and he is NOT a good teacher. He waste a lot of class time setting up things( like still-life). When you ask a particular question he does not explain with clarity. He also does not hold you accountable for things like attendance, which makes it easier to be lazy. I will not take a class with him again.",Tom,makes it easier to be lazy,Negative,Neutral,0.3312708652903099,0.35771641686538425,0.31101271784430573,False Neutral
"This course is very useful, especially if you're in statistics, since you'll be working with large sets of data a lot. Even if you're in other programs, this course has a lot of real-life applications used in many computer-related jobs. However, I found some of the material to be quite dry, especially towards the end of the course. The class average was around 80 with Michael Liu, so it wasn't very difficult at all.",This course,wasn't very difficult at all,Neutral,Negative,0.0026362105142694954,0.035840505871866095,0.9615232836138645,False Positive/Negative Neutral
"This course is very useful, especially if you're in statistics, since you'll be working with large sets of data a lot. Even if you're in other programs, this course has a lot of real-life applications used in many computer-related jobs. However, I found some of the material to be quite dry, especially towards the end of the course. The class average was around 80 with Michael Liu, so it wasn't very difficult at all.",working with large sets of data,a lot,Neutral,Positive,0.39900600510168277,0.21409652216106836,0.3868974727372488,False Positive/Negative Neutral
"I really enjoyed this class and professor. He has very prompt turnaround time for exams and he makes the class interesting with fun activities. He puts PowerPoints and speech examples on Blackboard, which is very helpful. Thompson is all around a nice , funny guy and even if you hate public speaking, it will truly help you in your career.",professor,has very prompt turnaround time for exams,Positive,Neutral,0.359018802073634,0.4506693200893912,0.1903118778369747,False Neutral
"Great course! Really interesting! If you pay attention to what she says in class you will do fine, watch out for writing in detail on midterms and exams.",writing in detail on midterms and exams,watch out for,Neutral,Negative,0.05325577335761136,0.4353490586595667,0.5113951679828219,False Positive/Negative Neutral
"This is a refreshing course to take after having taken a few upper year electricity and magnetism courses, as we use that knowledge to break down the underlying physics behind optical phenomena. I especially appreciated seeing the formalism behind Fourier Optics, as it looks like a gateway to even more impressive behaviours.",seeing the formalism behind Fourier Optics,refreshing,Positive,Neutral,0.24798447436047125,0.49648421324396264,0.255531312395566,False Neutral
"This is a refreshing course to take after having taken a few upper year electricity and magnetism courses, as we use that knowledge to break down the underlying physics behind optical phenomena. I especially appreciated seeing the formalism behind Fourier Optics, as it looks like a gateway to even more impressive behaviours.",seeing the formalism behind Fourier Optics,especially appreciated,Positive,Neutral,0.32027328510020353,0.43556331162066475,0.2441634032791316,False Neutral
"This is a refreshing course to take after having taken a few upper year electricity and magnetism courses, as we use that knowledge to break down the underlying physics behind optical phenomena. I especially appreciated seeing the formalism behind Fourier Optics, as it looks like a gateway to even more impressive behaviours.",seeing the formalism behind Fourier Optics,gateway to even more impressive behaviours,Positive,Neutral,0.11606796909652622,0.5231378588271125,0.3607941720763611,False Neutral
"Entire class was split into four tests worth 25%. No assignments otherwise. Lots of reading, which is to be expected in a mythology course, as well as some videos which were supplemental and optional. I wish we had some more assignments- having my grade rest on just four tests was very stressful to the point where it almost felt unfair. But, as someone who loves mythology, the course content was interesting and Dr Kroeker was a fun prof who seemed to thoroughly enjoy what he was teaching, which made the course engaging.",reading,to be expected in a mythology course,Neutral,Negative,0.12453651200811704,0.3041749715194013,0.5712885164724817,False Positive/Negative Neutral
"Entire class was split into four tests worth 25%. No assignments otherwise. Lots of reading, which is to be expected in a mythology course, as well as some videos which were supplemental and optional. I wish we had some more assignments- having my grade rest on just four tests was very stressful to the point where it almost felt unfair. But, as someone who loves mythology, the course content was interesting and Dr Kroeker was a fun prof who seemed to thoroughly enjoy what he was teaching, which made the course engaging.",assignments,I wish we had some more,Negative,Neutral,0.3299590265534,0.4150743359593361,0.25496663748726384,False Neutral
Nice person. Interesting stuff to say and share. Knows his stuff but his teaching and explaing is very tough and confusing goes fast to! If your good at math maybe you will do well. Class participate and it may help your grade! Like I said he's nice/ funny but the class is hard and unclear... his teaching style. Do your homework all the time!,Class,maybe you will do well,Neutral,Positive,0.8543402040031208,0.11156198445215125,0.03409781154472802,False Positive/Negative Neutral
"This course taught a bunch of important concepts that will most likely be needed in future courses. Unfortunately, the fact that Chong teaches this means that: 1. RIP your GPA. 2. Things tend to be confusing because his notes are just all over the place. I probably would have enjoyed this course a lot more if another professor were teaching it.",concepts,important,Positive,Neutral,0.43163280752602295,0.5343825570530333,0.03398463542094375,False Neutral
"This course taught a bunch of important concepts that will most likely be needed in future courses. Unfortunately, the fact that Chong teaches this means that: 1. RIP your GPA. 2. Things tend to be confusing because his notes are just all over the place. I probably would have enjoyed this course a lot more if another professor were teaching it.",concepts,most likely be needed in future courses,Positive,Neutral,0.1997587515273524,0.5543846846854696,0.2458565637871779,False Neutral
"I had to take this course, I am not very interested in this subject, but it was an overall good course.",this subject,not very interested in,Neutral,Negative,0.06093224846861763,0.25505186759734844,0.6840158839340339,False Positive/Negative Neutral
You can passed her class only if you work hard.,passed her class,only if you work hard,Negative,Neutral,0.1419479881174151,0.7404968989253693,0.11755511295721552,False Neutral
"Students are graded only on tests and quizzes. Dr. K . is very respected in the classroom and willing to answer any questions. He is very knowledgeable on the subject. However, you really have to study to get good grades and I find his recommended way of note-taking to be ineffective. Also, he thinks he is very funny , but he is not.",Dr. K .,"thinks he is very funny , but he is not",Neutral,Positive,0.45793314472586444,0.40324327600426824,0.13882357926986735,False Positive/Negative Neutral
"Students are graded only on tests and quizzes. Dr. K . is very respected in the classroom and willing to answer any questions. He is very knowledgeable on the subject. However, you really have to study to get good grades and I find his recommended way of note-taking to be ineffective. Also, he thinks he is very funny , but he is not.",good grades,you really have to study to get,Neutral,Positive,0.49797860709535274,0.4603209261550587,0.04170046674958858,False Positive/Negative Neutral
"Exeter is one of a good universities that come with good location and nature. There a lot of experts, good professors and staffs who always support the learners",experts,a lot,Positive,Neutral,0.07620161014771112,0.6092656336754838,0.31453275617680504,False Neutral
"Study the lecture slides. No need to read the book but he has extra credit questions on the exams that come from the book. Very nice professor, talks fast but podcasts. 1 midterm and 1 final. He made the exam we did better on worth more:). and I thought it was pretty common to give slightly more Cs than Bs.",professor,talks fast but podcasts,Positive,Neutral,0.019816957136718355,0.8676264297180051,0.11255661314527657,False Neutral
"Wasn't such a bad course this term. The content for propositional logic was pretty interesting actually. Course started ramping up at predicate logic, and got pretty boring honestly. I don't really care about soundness and completeness. Though if I had to compare this with MATH 135, this course is definitely better. The proofs you do aren't really the same nature, so if you hated 135 then at least this course isn't any worse.",this course,isn't any worse,Neutral,Negative,0.009001205754707805,0.2535692025972106,0.7374295916480816,False Positive/Negative Neutral
"Exeter is a good place , but with its limitations. Exeter has lost something about its self that many universities have maintained through COVID. I hope Exeter can rebuild its reputation as a great university in the future",Exeter,"good place , but with its limitations",Neutral,Positive,0.6638948001591594,0.31141581848637345,0.02468938135446732,False Positive/Negative Neutral
"Exeter is a good place , but with its limitations. Exeter has lost something about its self that many universities have maintained through COVID. I hope Exeter can rebuild its reputation as a great university in the future",its reputation,hope Exeter can rebuild,Neutral,Positive,0.37647454951875226,0.3134891715221165,0.3100362789591312,False Positive/Negative Neutral
The course itself was pretty simple. Tutorial assignments and then a midterm and final. Leatherdale is by far one of the best profs. Lectures are interesting and easy to relate to. Make sure to highlight what he says will be on the exams in your notes!!! The only downside is that your mark will really depend on the TA you have. Some of them mark a lot harshly than others. If you don’t do well on your first assignment make sure to ask for specific feedback and clarifications of future ones so you don’t lose any marks since each is only worth out of 10.,your mark will really depend on the TA,only downside,Negative,Neutral,0.07416597528706535,0.5278901855950863,0.39794383911784836,False Neutral
"This term, she has been using reserve or online readings. She always asks if everything was clear in class and will explain every point to the point of satisfaction despite her light Italian accent. She is very friendly and goes above and beyond her duty to make sure that she is available to her students.",Italian accent,light,Neutral,Positive,0.6291340419995992,0.28652708047792314,0.08433887752247757,False Positive/Negative Neutral
"Professor Sneed's class was a semi tough one. So for the reading, make sure to understand whay you're reading and if you don't come to class. That discussion you have in class is super important. The tests are 85 % on that discussion I guarantee you. Participate, record if you have to. The summaries are IMPORTANT. Do all this and you'd be fine.",Professor Sneed's class,semi tough,Neutral,Negative,0.20304529833646098,0.38555364875570475,0.41140105290783435,False Positive/Negative Neutral
"Professor Sneed's class was a semi tough one. So for the reading, make sure to understand whay you're reading and if you don't come to class. That discussion you have in class is super important. The tests are 85 % on that discussion I guarantee you. Participate, record if you have to. The summaries are IMPORTANT. Do all this and you'd be fine.",tests,85 % on that discussion,Neutral,Negative,0.25052554782076897,0.2898767122335697,0.4595977399456613,False Positive/Negative Neutral
"ULTRA BORING! dont even register unless you know you want to be bored out of your mind. The class does not seem that hard, but the readings are dumb hard to understand and he sounds so uninterested in the class. oh and he says "" right "" at the end of each sentence. so annoying",class,does not seem that hard,Neutral,Negative,0.010280226594524213,0.11813886365985181,0.871580909745624,False Positive/Negative Neutral
"Took because it was right after other course. Boring content but no midterm or quizzes, just a few assignments, a group project and final. Topics not too hard but it is easy to fall behind.",Topics,not too hard,Positive,Neutral,0.07810527405113216,0.8804038911651674,0.04149083478370034,False Neutral
"Fairly easy if you've coded before, but don't assume it's a bird course. Weekly assignments have lots of edge cases.",Weekly assignments,have lots of edge cases,Negative,Neutral,0.16137677933798766,0.5018710744589013,0.33675214620311095,False Neutral
"Although lots of my time at Exeter has been brilliant and I wouldn't trade the friends I have made for anything the academic support is absolutely awful. The staff are unsympathetic, feedback vague and contradictory. I went to my tutor to ask for more detailed feedback or examples of how I could have improved my work and he was unable to go into more detail but considering the mark I was given there must have been a lot there to improve. If you're going to spend £9, 250, spend it on somewhere that actually cares about its students. Exeter only cares about it's reputation and the lecturers are definitely chosen based on their research rather than the quality of their teaching which would be fine but again for the amount of money you would be better off elsewhere.",tutor,unable to go into more detail,Negative,Neutral,0.06677749174668351,0.5058176133573978,0.42740489489591865,False Neutral
"A VERY smart man, but not much of a professor yet. He is a professor of neurosurgery, idk why they made him teach this class. He didn't want to. I think he was mostly unprepared which is why his class wasn't very good. Maybe he'll do better next time around if he draws the short straw again.",professor,not much of a professor yet,Negative,Neutral,0.34030061698056774,0.34881419477595976,0.31088518824347244,False Neutral
"I don't know what was going on this term... Until halfway across the term, the professors weren't on Piazza. The format of the course seems to have been reworked completely from previous online offerings( for no good reason, since previous offerings were apparently great). There were a lot more timed tests. Presumably to stop cheating, but I would guess it would help cheaters who were able to get a question paper beforehand, because if you had seen the questions before the super-strict time limits might seem a lot more reasonable. Even profs had trouble solving practice problems in office hours. The lectures were all old and reused from previous terms, which were great. I really enjoyed the content. But the assessments- especially the timed exams- were so stressful and draining that I came away disliking the course despite being interested in the topics.",format of the course,seems to have been reworked completely,Neutral,Negative,0.1317091771994208,0.38107356004836357,0.4872172627522157,False Positive/Negative Neutral
I did not like this course overall. Very basic and general business course. Had some accounting in it as well. Would not take it again.,course,Very basic and general,Negative,Neutral,0.18228820020034273,0.733737694773756,0.08397410502590132,False Neutral
Seminars should be recorded so they can be accessed later like lectures,Seminars,should be recorded,Neutral,Negative,0.16335001258727902,0.3975690734671645,0.4390809139455565,False Positive/Negative Neutral
Eh course. Questions are straightforward. It's a textbook course.,course,Eh,Neutral,Positive,0.3663214498583881,0.29209705177933654,0.34158149836227536,False Positive/Negative Neutral
"This professor was honestly one of the worst I've ever had. She is not mean, she just does not know what she is talking about. She reads from her slides. She is not very confident. The class is ridiculously easy though, you can pass without hardly trying. The level of group work is nauseating, and the activities don't teach you.",This professor,not mean,Neutral,Negative,0.09670436676896454,0.16060081672338497,0.7426948165076505,False Positive/Negative Neutral
"This professor was honestly one of the worst I've ever had. She is not mean, she just does not know what she is talking about. She reads from her slides. She is not very confident. The class is ridiculously easy though, you can pass without hardly trying. The level of group work is nauseating, and the activities don't teach you.",class,ridiculously easy,Neutral,Positive,0.5822391486369759,0.09050070329476582,0.3272601480682583,False Positive/Negative Neutral
"This professor was honestly one of the worst I've ever had. She is not mean, she just does not know what she is talking about. She reads from her slides. She is not very confident. The class is ridiculously easy though, you can pass without hardly trying. The level of group work is nauseating, and the activities don't teach you.",level of group work,nauseating,Negative,Neutral,0.11914712323064823,0.7243970114415273,0.15645586532782443,False Neutral
"This professor was honestly one of the worst I've ever had. She is not mean, she just does not know what she is talking about. She reads from her slides. She is not very confident. The class is ridiculously easy though, you can pass without hardly trying. The level of group work is nauseating, and the activities don't teach you.",activities,don't teach you,Negative,Neutral,0.08961803988863261,0.5273688768305733,0.3830130832807941,False Neutral
"Definitely a course that shouldn't be taken lightly, as the content is very important for mechs. Some of the content is dry and includes a lot of memorization , but will be important later on. Read the course textbook!",Some of the content,"dry and includes a lot of memorization , but will be important later on",Neutral,Negative,0.038777178759720705,0.41700432088395045,0.5442185003563288,False Positive/Negative Neutral
"it's not perfect but nothing is. most beautiful campus ever for sure, lots of mh support",mh support,lots of,Positive,Neutral,0.1972122481599172,0.5079905758519063,0.2947971759881765,False Neutral
It is a useful course but definitely not easy if you never prove before.,course,definitely not easy if you never prove before,Neutral,Negative,0.13035760651312545,0.2931258643162031,0.5765165291706714,False Positive/Negative Neutral
"Prof. Silva was a great lecturer. Very clear and concise. Also, not bad to look at either!",Prof. Silva,not bad to look at,Positive,Neutral,0.2174216905854143,0.6992281914898664,0.0833501179247194,False Neutral
"He is a helpful Prof. He gives you a curve. If you fail the midterm, and on the final if you get 75, you are fine. A 10 pages term paper is also helpful to improve your grade, as well as class attendance and home works.",class attendance,helpful to improve your grade,Positive,Neutral,0.3412294701006834,0.5707951195945095,0.0879754103048071,False Neutral
"The class overall was really great and I feel like I really learned a lot. You have to read though since that the exams include questions on the readings. Also, it is sort of hard to get an A only because the entire class is out of 100 points. But overall quite easy to get and A with effort.",get an A,sort of hard,Neutral,Negative,0.22586299613282673,0.34460183762248003,0.4295351662446933,False Positive/Negative Neutral
Negotiation strategy is a great class. I would highly recommend it as a good 3 credit class that is enjoyable and isn't crazy with the work. Great in class exercises and very funny prof. Very worthwhile.,Negotiation strategy,isn't crazy with the work,Positive,Neutral,0.052415598020161436,0.8317864440200097,0.11579795795982886,False Neutral
"If you liked GER 101 you gonna like this course too. The material is a bit harder and you have to spend a lot of time on this course but I still enjoyed it. Easy to do good if you put an effort. But the wikipedia project was kinda annoying, you have to write in pairs an article in german. It's doable but I don't think that it's useful for the elementary course. I had to google almost every word in order to write this article.",this course,If you liked GER 101 you gonna like,Neutral,Positive,0.47943286837583393,0.43652844256205015,0.084038689062116,False Positive/Negative Neutral
"If you liked GER 101 you gonna like this course too. The material is a bit harder and you have to spend a lot of time on this course but I still enjoyed it. Easy to do good if you put an effort. But the wikipedia project was kinda annoying, you have to write in pairs an article in german. It's doable but I don't think that it's useful for the elementary course. I had to google almost every word in order to write this article.",this course,have to spend a lot of time,Negative,Neutral,0.02862965972281717,0.6646419899890835,0.3067283502880993,False Neutral
"If you liked GER 101 you gonna like this course too. The material is a bit harder and you have to spend a lot of time on this course but I still enjoyed it. Easy to do good if you put an effort. But the wikipedia project was kinda annoying, you have to write in pairs an article in german. It's doable but I don't think that it's useful for the elementary course. I had to google almost every word in order to write this article.",wikipedia project,I don't think that it's useful,Negative,Neutral,0.11628975145124842,0.4561220464333535,0.4275882021153981,False Neutral
"If you liked GER 101 you gonna like this course too. The material is a bit harder and you have to spend a lot of time on this course but I still enjoyed it. Easy to do good if you put an effort. But the wikipedia project was kinda annoying, you have to write in pairs an article in german. It's doable but I don't think that it's useful for the elementary course. I had to google almost every word in order to write this article.",wikipedia project,doable,Neutral,Positive,0.5034858203220116,0.4150354696730934,0.08147871000489493,False Positive/Negative Neutral
"It's mostly easy( midterm average for my class was an 89 and apparently the final will be just as easy), but the labs are a little challenging.",final,just as easy,Positive,Neutral,0.15432243290779257,0.7175710795205563,0.1281064875716512,False Neutral
"It's mostly easy( midterm average for my class was an 89 and apparently the final will be just as easy), but the labs are a little challenging.",labs,a little challenging,Negative,Neutral,0.010871603019174532,0.5519155067823912,0.43721289019843435,False Neutral
"Okay guys be warned this class is tricky , but also really cool. You'll pretty much learn how to take a group of images of a 3D object( top view, side view, etc), and extrapolate that into the 3D object itself, as well as draw alternate views, all using very specific methods. I'm a very visual thinker, and having done lots of 3D modelling using Google Sketchup( free to download) beforehand, I dealt with this course much easier than many of my classmates. For those who aren't visual thinkers, you will have to bend your mind in strange ways to comprehend the sorcery that is occuring in front of you. Also in this course you learn how to use- a very old and annoying version of - AutoCAD( A 2D and 3D modelling software). If you want to do some pre-study( I recommend it, at least to see what you're getting into) the main thing to take a look at is called"" Orthographic diagrams"". There are some really cool principles you'll learn about how to draw these, but if you don't get a SOLID understanding of them , it will go from cool to absolute torture and you will probably die.",those who aren't visual thinkers,have to bend your mind in strange ways to comprehend the sorcery,Negative,Neutral,0.08607225359749217,0.7596859136753873,0.15424183272712055,False Neutral
"Loved this course, the course modules given were super clear. Go to office hours!! The ISAs and IAs are very helpful. Took this in Winter 2022 with the flipped classroom style. This style is excellent for this course, I think it was very effective",flipped classroom style,excellent for this course,Positive,Neutral,0.338247882509746,0.6167559376888664,0.04499617980138759,False Neutral
"Weekly assignments, midterm is pretty difficult( got a 55%), final even harder. Do your work, be sure to stay on top of the lecture material and the assignments, and do the readings! They explain a lot of what the professor doesn't have time to write on the board, it's kind of like "" prep "" material for the assignments / midterms. If you're falling behind, use the first-year resources to get back on track. There's tutorials, TA hours, and office hours for the professors themselves if you can't wrap your head around a specific concept or assignment.",readings,"kind of like "" prep "" material for the assignments / midterms",Positive,Neutral,0.05882923334765317,0.5424853801413672,0.3986853865109797,False Neutral
"Profe Yani is an angel. I took beginner Spanish and then went to Spain with her over Winter Term. She truly cares about all of her students and created an environment that was helpful and safe to make mistakes in. Stay up to date with the Supersite! Most of the classwork is outside of class, class is for practicing your new Spanish skills!",Supersite,Stay up to date with,Neutral,Negative,0.35127574126320915,0.193476101605779,0.4552481571310119,False Positive/Negative Neutral
"Profe Yani is an angel. I took beginner Spanish and then went to Spain with her over Winter Term. She truly cares about all of her students and created an environment that was helpful and safe to make mistakes in. Stay up to date with the Supersite! Most of the classwork is outside of class, class is for practicing your new Spanish skills!",class,for practicing your new Spanish skills,Neutral,Positive,0.5546546022981861,0.2711063290418634,0.1742390686599505,False Positive/Negative Neutral
"There's SO MUCH content it's pretty crazy. 40 pages of dense reading per week could get pretty tough. The course goes over the topics in great detail, and you get to see how brain works at the biological level. If you were unsatisfied with the hand-wavy content from psych 101 this might be interesting. The exams weren't too hard if you had committed to learning things by heart",content,pretty crazy,Negative,Neutral,0.24947556767954646,0.5792006801211463,0.1713237521993072,False Neutral
"By far one of the cooler professors at Miami. Only 3 exams, each 1/3 of your grade. Attendance not mandatory, but missing class is a mistake bc all his exams are literally from the notes. Even he says himself. Really a nice guy and always willing to help.",all his exams,literally from the notes,Neutral,Negative,0.199696065425476,0.2913513104542949,0.5089526241202291,False Positive/Negative Neutral
"takes attendance but i don't think it mattered much, he's super nice and grades well. There are a few tests and quizzes but nothing too bad.",tests and quizzes,nothing too bad,Neutral,Negative,0.24041711463869428,0.15736269027838176,0.6022201950829239,False Positive/Negative Neutral
"I am from the USA, so I am comparing my experience to my home UNI to my time at Exeter. My UNI in the US had a lot larger campus, and the gym/ rec building was free for students because it was part of the tuition. The buildings at my home UNI were also a lot more, and there were more facilities. There was a building for blowing glass, 3D printing, and other things for design. The forum isn't the best. My UNI had a lot larger library, and there was a lot more space for studying. The clubs / societies at Exeter almost all require money to join , and more money each time you want to go to a club event. My UNI back home allocated money to the different clubs, so many were free. The only time you had to pay for clubs at my home UNI was if you were going on a trip. My UNI back home doesn't have a student union. I did not interact with the career services in Exeter. One thing Exeter did better than my home UNI was the internet. My home UNI had some trouble with internet.",clubs / societies,"almost all require money to join , and more money each time you want to go to a club event",Negative,Neutral,0.2649153674967843,0.45760410654414824,0.27748052595906764,False Neutral
"The midterm average was like 25 %, which really set the tone of the course.",course,"midterm average was like 25 %, which really set the tone",Negative,Neutral,0.16525483224189175,0.579450345638595,0.25529482211951326,False Neutral
"BIOL 130 was not an easy course, but the information that you learn will come back in other courses. I wouldn't recommend buying the textbook as we were usually only tested on the things discussed in lecture. If you study hard and pay attention to the diagrams in the notes, it's very possible to get a 90 or higher.",information that you learn,will come back in other courses,Neutral,Positive,0.621496038750386,0.18556936134032917,0.1929345999092849,False Positive/Negative Neutral
"BIOL 130 was not an easy course, but the information that you learn will come back in other courses. I wouldn't recommend buying the textbook as we were usually only tested on the things discussed in lecture. If you study hard and pay attention to the diagrams in the notes, it's very possible to get a 90 or higher.",get a 90 or higher,very possible,Neutral,Positive,0.7279916215541794,0.0898881852724299,0.18212019317339073,False Positive/Negative Neutral
"I came into the course with no experience with policy. Although the lecture content was on the assignment topics, the information was easily accessible by google. I did not attend this class and still did well. The course structure( I took this with Michael Drescher) was a group essay work 70%. I do not think this is an accurate way to assess someone's knowledge.",lecture content,easily accessible by google,Neutral,Positive,0.6504455431893172,0.16760258885322452,0.1819518679574582,False Positive/Negative Neutral
"CS 446 is a great course for anyone who is interested in becoming a software engineer. It covers a wide range of topics including architectures, design patterns, stakeholder management, release engineering and many more. The course is mainly project-based, and the exam is really not that hard. The only downside is that the course makes you use android, which makes it hard to adhere to some of the requirements( using two architectures and two design patterns). It made me feel like I had to shoehorn them ino to meet the marks. Overall while you could learn these topics on your own, a 12-week course made super engaging meant that we were able to learn about all of these in more detail.",topics,wide range of,Positive,Neutral,0.11615324481568479,0.7858617615918013,0.09798499359251385,False Neutral
"CS 446 is a great course for anyone who is interested in becoming a software engineer. It covers a wide range of topics including architectures, design patterns, stakeholder management, release engineering and many more. The course is mainly project-based, and the exam is really not that hard. The only downside is that the course makes you use android, which makes it hard to adhere to some of the requirements( using two architectures and two design patterns). It made me feel like I had to shoehorn them ino to meet the marks. Overall while you could learn these topics on your own, a 12-week course made super engaging meant that we were able to learn about all of these in more detail.",exam,not that hard,Positive,Neutral,0.07287193588443373,0.5291615608082652,0.39796650330730104,False Neutral
"She often seems angry and upset and don't have a sense of humor. Her exams are difficult, and you don't know what issues of an essay will be worth the most. Avoid taking her if possible.",She,don't have a sense of humor,Negative,Neutral,0.13304532969034377,0.5118684535156182,0.35508621679403807,False Neutral
"Great class! Very interesting subject. This professor really cares about his students and teaching. He even gave us a lecture on how to write and lit review. Big help! He also went out of his way to make time to answer questions , check articles and read lit review rough drafts. He coaches his students. Very positive. Excellent professor.",a lecture on how to write and lit review,Big help,Positive,Neutral,0.10951846205646626,0.6416097412272419,0.2488717967162918,False Neutral
She expects students to be ready to learn and be interested in English. She was helpful and interesting throughout the quarter. She pushes students to believe they can write!,She,pushes students to believe they can write,Positive,Neutral,0.1062819370746207,0.5814317029786769,0.3122863599467025,False Neutral
She expects students to be ready to learn and be interested in English. She was helpful and interesting throughout the quarter. She pushes students to believe they can write!,She,pushes students to believe they can write,Positive,Neutral,0.1062819370746207,0.5814317029786769,0.3122863599467025,False Neutral
CLRS is a must. Easy if you are really interested in the subject and like solving problems 24/ 7.,CLRS,a must,Positive,Neutral,0.2536881393981366,0.6472587354456368,0.09905312515622652,False Neutral
Mr Lennox was very hepful. He's pretty obsessed with the Mac and will try to upsell you to Mac products but he also knows where the good deals are. After his first lecture you will never want to buy a machine without a UNIX core ever again.,Mr Lennox,try to upsell you to Mac products,Neutral,Positive,0.7908034604551296,0.0622864291229808,0.1469101104218895,False Positive/Negative Neutral
Mr Lennox was very hepful. He's pretty obsessed with the Mac and will try to upsell you to Mac products but he also knows where the good deals are. After his first lecture you will never want to buy a machine without a UNIX core ever again.,Mr Lennox,pretty obsessed with the Mac,Neutral,Positive,0.7220470846367895,0.15977491732214635,0.11817799804106421,False Positive/Negative Neutral
Honestly a very fun and interesting course. Dave Tompkins ' lectures are the great and very helpful. The course itself isn't too difficult if you've had previous experience with an imperative language but I can see how tough it would be if you had never programmed before.,course,tough it would be if you had never programmed before,Neutral,Negative,0.021873639780962063,0.17104438743075853,0.8070819727882793,False Positive/Negative Neutral
"Demaree is an awesome nutritiom teacher. She is maily does slides in her class, and if you take all of your notes off of them you are guarunteed to do well on her tests. She is really nice and really helpful.",slides,guarunteed to do well on her tests,Positive,Neutral,0.3133176610700689,0.4593562472577433,0.22732609167218767,False Neutral
Not even economics. Just grade 11 math problems. I found it difficult bc the content was so dry and boring to study for. If you pretty much memorize the textbook problems youll do well. This course was very dry however. Take actual econ courses if youre interested.,This course,Just grade 11 math problems,Negative,Neutral,0.048070204247421235,0.791234801051741,0.1606949947008377,False Neutral
"Half the glass dropped, Unorganized, Lots of assignments, Not fair on grading, Projects require a lot of time with little guidance, She's on edge a lot, I love all my professors and classes but this one I truly hated. I would never take her class again. DO NOT TAKE!!",assignments,Lots of,Negative,Neutral,0.10938533660916004,0.590471526758441,0.30014313663239894,False Neutral
"Not an easy class, need to keep up on homework and workbook, but Deb's an excellent teacher with a lot of experience in the field. She uses many different teaching techniques and tools to help students learn, and is not tolerant of those that don't. I highly recommend her courses.",Deb's,not tolerant of those that don't,Neutral,Negative,0.030058999621971713,0.3794208872956309,0.5905201130823975,False Positive/Negative Neutral
It's super easy and there aren't that many assignments. The readings are pretty pointless which is annoying because we had to buy them. Otherwise it tells you a lot about the different business sectors which is good to be informed about.,assignments,aren't that many,Positive,Neutral,0.04608326771139034,0.8490969198810985,0.10481981240751133,False Neutral
It's super easy and there aren't that many assignments. The readings are pretty pointless which is annoying because we had to buy them. Otherwise it tells you a lot about the different business sectors which is good to be informed about.,readings,had to buy,Negative,Neutral,0.03526603550744628,0.5612588781817057,0.4034750863108481,False Neutral
"Personally I thought the course was really easy-- at first. But don't let yourself slack off, because otherwise you will find yourself easily confused and lost as you fall further behind. Material gets harder as course moves along. Course material is still very relevant in other courses and in the future.",course,easily confused and lost,Neutral,Negative,0.0416618638861017,0.013613147843347403,0.944724988270551,False Positive/Negative Neutral
"Personally I thought the course was really easy-- at first. But don't let yourself slack off, because otherwise you will find yourself easily confused and lost as you fall further behind. Material gets harder as course moves along. Course material is still very relevant in other courses and in the future.",Material,gets harder,Neutral,Negative,0.030705838888909577,0.1641907507150348,0.8051034103960557,False Positive/Negative Neutral
I personally really liked the content! Assessments were fine as long as you went through the material and thought about it.,Assessments,fine,Neutral,Positive,0.5094072687780952,0.3242960473057842,0.16629668391612068,False Positive/Negative Neutral
"I've had a great experience so far. Good selection of societies, good Student Guild, lots of career services, good wifi. Pretty campus- love how close it is to Exmouth beach and cornwall. Plenty of opportunity to explore the beauty of the South West of England. Had no issues with teaching and have enjoyed my first and second year studying English. Plenty of opportunities to get involved in societies and meet likeminded people!",career services,lots of,Positive,Neutral,0.17831693284234965,0.6949199444932227,0.12676312266442763,False Neutral
Easy course and very basic but you will learn something,course,very basic,Negative,Neutral,0.12122482776298797,0.7421361824938062,0.13663898974320596,False Neutral
"Hist 113 was not super useful but quite easy to follow. It was an 8 : 30 class so often it was a bit difficult to actually get up to go to class and/ or not fall asleep during. Included a midterm, a final and 2 papers.",Hist 113,not super useful,Negative,Neutral,0.2824626570373471,0.42178136745970946,0.29575597550294347,False Neutral
"Good: Attendance NOT mandatory, easy + blended class, approachable. Bad: SLOW GRADER, limited and unclear feedback, does not check email, inflexible with argument topics, teaches nothing in class, completely useless! My grade would be better if he provided timely feedback. We were on our 7th assignment when he graded the 3rd! Grade Approx: B-",Attendance,NOT mandatory,Positive,Neutral,0.014863071351432165,0.9080688518296253,0.07706807681894244,False Neutral
"This is one of the easier courses of 1A, if you had some prior programming knowledge beforehand you are set. Projects and quizzes are basically free marks, you would need to try to fail this course if I'm being honest but perhaps I'm being biased because I had previous c++ experience. Overall a good course.",Projects and quizzes,basically free marks,Positive,Neutral,0.24732911230062074,0.4586300914235549,0.29404079627582447,False Neutral
This is a management class and he goes on and on giving environmental statistics. He is an extremely tough marker.,he,goes on and on giving environmental statistics,Negative,Neutral,0.26221497001992006,0.5705621559501634,0.16722287402991665,False Neutral
I had a lot of experience with the material before class so it seemed simple to me. A lot depends on how good of a TA you have. Mine seemed to really love himself& made people feel stupid for asking questions.,class,seemed simple,Positive,Neutral,0.1912033771500633,0.44272999366308674,0.36606662918684985,False Neutral
"Least homework out of most courses, so you may need to spend extra time studying. Covers virtually all single-variable calculus, at a fairly fast pace, so make sure to keep up.",pace,fairly fast,Neutral,Negative,0.3417270858571756,0.3011926916537117,0.35708022248911275,False Positive/Negative Neutral
It was an interesting course and the philosophical along with the mathematical approach to game theory was nice to consider.,philosophical along with the mathematical approach to game theory,nice to consider,Positive,Neutral,0.28430970287641405,0.6716534017730641,0.04403689535052176,False Neutral
"Very funny old fellow with a good sense of humor. Relates everything to accounting. Very up to date about the current economic crisis and is very intelligent. However, his teaching style for introduction to accounting can be confusing. He uses his own teaching methods which are totally different from your average t-accounts. I'd say yes , take him!",He,Relates everything to accounting,Neutral,Positive,0.6755017250113122,0.07363363550788528,0.25086463948080245,False Positive/Negative Neutral
"Very funny old fellow with a good sense of humor. Relates everything to accounting. Very up to date about the current economic crisis and is very intelligent. However, his teaching style for introduction to accounting can be confusing. He uses his own teaching methods which are totally different from your average t-accounts. I'd say yes , take him!",his own teaching methods,totally different from your average t-accounts,Neutral,Negative,0.05319510386598847,0.3884373832823248,0.5583675128516868,False Positive/Negative Neutral
"This course was like a continuation of algorithms, with a focus on applications to bioinformatics. It is heavy on theory and the exam was full of questions on algorithm runtimes. But it is also a solid introduction to bioinformatics and teaches sequence alignment, homology search, proteomics, and phylogeny.",theory,heavy on,Negative,Neutral,0.03773458352464954,0.5064372848028722,0.4558281316724783,False Neutral
"Incredibly easy to pass, but if you're trying to go to grad school and need decent marks, this isn't the class for you. If this is mandatory because you're in ARBUS, good luck. No matter how hard you try and follow the textbook, they will find things to criticize. These things are all out of your control and are all subjective, such as"" tone"" or"" Friendliness"". Didn't include a bulleted list in your assignment? There goes 20%. None of the information presented will actually be used in a real-life scenario, I showed my boss one of our assignments and he said if you had followed that format, he wouldn't even read it. No one I know has gotten above an 80 on ANY of the personal assignments and everyone seems to linger around the 65-75 range, ONLY to be brought up by weekly"" summary reports"". The whole idea of a ' fake company ' is idiotic, there's no context to the company and we have no interest in it since we don't actually work there. How can you make weekly group assignments for an online class, and then organize a 15-20 page assignment at the end as a group when half your class might be in another province. If you're like any other student that has to take this class, you've already had your first co-op term and know how to communicate in a business environment. This class is worthless since your communication habits have already been established.",decent marks,this isn't the class for you,Negative,Neutral,0.04791086608850197,0.5878048660804771,0.3642842678310209,False Neutral
"Very interesting class, but in order to get an A, you basically need to have the textbook memorized !!! The exams were stressful, and I barely managed an A in the class. It would be very helpful if Prof. Washington put together a midterm/ final study guides!",to get an A,you basically need to have the textbook memorized !!!,Negative,Neutral,0.03320286110237523,0.9392124175923354,0.02758472130528918,False Neutral
"I’ve enjoyed my time at Exeter. Excellent facilities and responsive careers service. Lots of variety in societies and good internet across campus. COVID put a dampener on the societies, but that’s not the unis fault. I have never really interacted with the union but I hear they are ok.",societies,put a dampener,Neutral,Positive,0.5755455926702314,0.2527659521538673,0.17168845517590134,False Positive/Negative Neutral
"Marketing Majors beware, you will learn the bare minimal from Maggie about marketing but will gain tons of knowledge about her home / family life ... joy. She takes attendance for a class that, when taught by her, does not require attendance to understand what is going on. Takes forever to grade, can be moody, and seems to enjoy to argue with you.",Maggie,learn the bare minimal from,Negative,Neutral,0.3560022013887409,0.3631535388140465,0.2808442597972127,False Neutral
"This class is called SMALL GROUP COMMUNICATION, there is a great deal of group work, but thats what the class is about so its to be expected. She gives really great feedback on assignments and she tries to foster a very discussion based environment.",group work,great deal,Neutral,Positive,0.779681427600756,0.1493486934075223,0.07096987899172168,False Positive/Negative Neutral
"This class is called SMALL GROUP COMMUNICATION, there is a great deal of group work, but thats what the class is about so its to be expected. She gives really great feedback on assignments and she tries to foster a very discussion based environment.",group work,to be expected,Neutral,Negative,0.04490708538796183,0.4636583837646148,0.49143453084742333,False Positive/Negative Neutral
Great course and great professor. Very interesting class. Grading based on textbook reading and movie review. Unlike any other class I've taken. He is a great professor who gives immediate feedback and grades fairly. I would highly recommend taking this class.,Grading,Unlike any other class I've taken,Neutral,Negative,0.2742789644496104,0.027671165283377302,0.6980498702670124,False Positive/Negative Neutral
"strong knowledge in physics is required to do well! Lab is very hands on however, the lab report requires alot of time and effort to do well!",Lab,very hands on,Neutral,Negative,0.3608834998516228,0.14301717681248646,0.4960993233358907,False Positive/Negative Neutral
"strong knowledge in physics is required to do well! Lab is very hands on however, the lab report requires alot of time and effort to do well!",lab report,requires alot of time and effort to do well,Negative,Neutral,0.08459630542075972,0.5584973399059588,0.3569063546732814,False Neutral
"She is the best. Very very nice and helpful. She is what a teacher should be :) Love her!! Her class is easy, not a lot of reading, just come to class and do your work:)",reading,not a lot,Positive,Neutral,0.01596582343906363,0.5170651140798014,0.466969062481135,False Neutral
The medicine cause is too PBL-based. I personally prefer the traditional lecture-based approach.,traditional lecture-based approach,prefer,Positive,Neutral,0.2128659521729552,0.5166121645704163,0.2705218832566286,False Neutral
"Exeter offers competitive and rigorous courses that are relevant to the real world and I feel that the skills I have acquired will benefit me dramatically in the future. The career zone offers great support with 1: 1 meetings and reviews on CVs, Application and advice on the interview process for jobs; this helped me get my first work experience placement during the Easter holidays. The campus is very green and modern, the town offers great amenities and it’s not too far from the beach! I’ve had a great time.",courses,competitive and rigorous,Positive,Neutral,0.23182379207558362,0.4800190136709739,0.28815719425344255,False Neutral
"Very theory-based content and although they do apply some of it to science in some questions, I don't really see the need for us to take this course. 32 % of the class failed the midterm and they didn't curve. Exam was easier to make up for this.",content,Very theory-based,Negative,Neutral,0.2596530509216251,0.5973374015101335,0.14300954756824127,False Neutral
"Very theory-based content and although they do apply some of it to science in some questions, I don't really see the need for us to take this course. 32 % of the class failed the midterm and they didn't curve. Exam was easier to make up for this.",midterm,didn't curve,Negative,Neutral,0.0510810134926444,0.4806553682313181,0.4682636182760375,False Neutral
"don't expect to do well in this class, even though it's a joke",this class,don't expect to do well,Negative,Neutral,0.047901358689847975,0.7673459008508076,0.1847527404593445,False Neutral
"don't expect to do well in this class, even though it's a joke",this class,it's a joke,Negative,Neutral,0.1710907321833345,0.4438041976973665,0.385105070119299,False Neutral
"Pay attention in class, and study that character list well. Lots of words, but it's not hard if you don't forget them.",character list,it's not hard,Positive,Neutral,0.3234225346253212,0.5436981656049277,0.13287929976975113,False Neutral
"Pay attention in class, and study that character list well. Lots of words, but it's not hard if you don't forget them.",character list,Lots of words,Negative,Neutral,0.10765117274509879,0.5486442266292751,0.34370460062562597,False Neutral
"If you are ready to spend a lot in art materials, take her class. She is never happy with your ideas or your final work, she loves to argue. She needs to understand that we are not in class to PLEASE HER, we are in college to learn. Instead of critiquing us, she has to do more explaining and show examples of her expectations before any critique:(",her class,spend a lot in art materials,Negative,Neutral,0.31922525920774725,0.3572484780088719,0.32352626278338087,False Neutral
Linear algebra is too abstract to approach,Linear algebra,too abstract,Negative,Neutral,0.11398551706085258,0.5929154799514715,0.29309900298767594,False Neutral
He is very passionate about the topic so sometimes he goes into a little more detail than you actually need. Make sure you attend his class because most of the material is not in his slides.,he,goes into a little more detail than you actually need,Negative,Neutral,0.04234329047585462,0.7651357146719437,0.1925209948522018,False Neutral
"Good teacher. Fast paced, definitely not boring. Expects a lot of participation, mandatory attendance. Tests are easy if you've actually been following along. Good spanish 2 prof",spanish 2 prof,Fast paced,Neutral,Negative,0.07140472221057198,0.10692439156469974,0.8216708862247283,False Positive/Negative Neutral
"As a management engineer who has never programmed in C nor C++ in his life, I felt the course was quite challenging but very interesting. My friends( who are also management engineers) really enjoyed the labs although they were really time consuming. The labs included creating a multi-threaded web crawler and other concurrent programs( multi-process, shared memory, async, etc). Our lab marks were in the mid to high 90's so we felt the marking was fair and the labs were do-able. However with that being said, some labs took my lab partner and I 50 + hours to complete. The midterm was challenging but not impossible if you study hard for it. Make sure you complete lab 1 because the next few labs require building on top of your previous existing ones! Make sure you modularize your code.",some labs,50 + hours to complete,Negative,Neutral,0.1346579866410178,0.5031881319817095,0.3621538813772726,False Neutral
"As a management engineer who has never programmed in C nor C++ in his life, I felt the course was quite challenging but very interesting. My friends( who are also management engineers) really enjoyed the labs although they were really time consuming. The labs included creating a multi-threaded web crawler and other concurrent programs( multi-process, shared memory, async, etc). Our lab marks were in the mid to high 90's so we felt the marking was fair and the labs were do-able. However with that being said, some labs took my lab partner and I 50 + hours to complete. The midterm was challenging but not impossible if you study hard for it. Make sure you complete lab 1 because the next few labs require building on top of your previous existing ones! Make sure you modularize your code.",midterm,not impossible,Positive,Neutral,0.026507450263213207,0.5327628322996589,0.44072971743712785,False Neutral
"This class is cool, I've learned a little bit, but he doesn't really force you to learn that much. There are assignments due almost every friday, but they are pretty easy and he grades them easily. He usually lets you out early everyday, and there are computers in the class room, Usually he doesn't even teach one or two days a week,",This class,I've learned a little bit,Neutral,Negative,0.13700289306793698,0.31831205450974553,0.5446850524223175,False Positive/Negative Neutral
"This class is cool, I've learned a little bit, but he doesn't really force you to learn that much. There are assignments due almost every friday, but they are pretty easy and he grades them easily. He usually lets you out early everyday, and there are computers in the class room, Usually he doesn't even teach one or two days a week,",he,doesn't really force you to learn that much,Neutral,Negative,0.07585343018652352,0.35125347341091195,0.5728930964025645,False Positive/Negative Neutral
The university offers rich resources for a good understanding of the subjects. The faculties are supportive and the state of the art facilities for class and seminars are of remarkable standards.,seminars,remarkable standards,Positive,Neutral,0.2409781650102159,0.5580396413128205,0.2009821936769638,False Neutral
The content COULD be interesting if it wasn't taught so dully. Useful for MODS.,content,COULD be interesting,Neutral,Positive,0.5789955381206565,0.22570790088516893,0.19529656099417453,False Positive/Negative Neutral
"Had Prof. Leanne Hagarty during the term where everyone got sent home for COVID-19. Lecture content is more interesting than 111, I feel like Hagarty is a better lecturer than Sofy and 111. Lab blocks absolutely killed it for me. I didn't like the TA and group work kind of sucked because of that. Midterm and quizzes are the same type as 111, assignments are of the same structure as well. Course is extremely TA dependent, you could have a blast if you have a good lab.",Midterm and quizzes,the same type as 111,Neutral,Negative,0.2213460644559387,0.08426291062160449,0.6943910249224567,False Positive/Negative Neutral
"Had Prof. Leanne Hagarty during the term where everyone got sent home for COVID-19. Lecture content is more interesting than 111, I feel like Hagarty is a better lecturer than Sofy and 111. Lab blocks absolutely killed it for me. I didn't like the TA and group work kind of sucked because of that. Midterm and quizzes are the same type as 111, assignments are of the same structure as well. Course is extremely TA dependent, you could have a blast if you have a good lab.",Course,extremely TA dependent,Neutral,Negative,0.08441860718495296,0.4333823898132603,0.48219900300178675,False Positive/Negative Neutral
Professor DeBlasio is by far the best Mercy has to offer. She is willing to help any student at anytime if they are willing to try. Mercy is a Catholic college and she does teach religion classes so a christian insight should be expected.,Professor DeBlasio,a christian insight should be expected,Neutral,Positive,0.5498441942812713,0.10305075141761941,0.34710505430110933,False Positive/Negative Neutral
"Content was not that interesting. You had to write a fair bit as well, and that involves primary source research and citations. Overall I would have expected a bird course like this to be more chill. The readings were annoying to do as well. There were online quizzes for the content modules, and sometimes it wasn't clear where the answers were coming from. I ended up CTRL+ F most of the questions in the modules and reading material just to figure out the answer.",Content,not that interesting,Negative,Neutral,0.32198472826592045,0.655538369521892,0.02247690221218759,False Neutral
"Content was not that interesting. You had to write a fair bit as well, and that involves primary source research and citations. Overall I would have expected a bird course like this to be more chill. The readings were annoying to do as well. There were online quizzes for the content modules, and sometimes it wasn't clear where the answers were coming from. I ended up CTRL+ F most of the questions in the modules and reading material just to figure out the answer.",write,a fair bit,Negative,Neutral,0.3808506943345802,0.40737455434425884,0.21177475132116094,False Neutral
"Content was not that interesting. You had to write a fair bit as well, and that involves primary source research and citations. Overall I would have expected a bird course like this to be more chill. The readings were annoying to do as well. There were online quizzes for the content modules, and sometimes it wasn't clear where the answers were coming from. I ended up CTRL+ F most of the questions in the modules and reading material just to figure out the answer.",course,more chill,Negative,Neutral,0.34514448964424216,0.5491148252752068,0.10574068508055101,False Neutral
"Life changing experience. Lots of inspirations and motivates you to become better. Do the work , get the credit. Don't be lazy in Mike's class. Don't expect an A if you don't want to shoot, simple as that.",Mike's class,"Do the work , get the credit",Neutral,Positive,0.4742103725162953,0.18753840141179692,0.3382512260719078,False Positive/Negative Neutral
"Life changing experience. Lots of inspirations and motivates you to become better. Do the work , get the credit. Don't be lazy in Mike's class. Don't expect an A if you don't want to shoot, simple as that.",Mike's class,Don't expect an A if you don't want to shoot,Neutral,Negative,0.07537262580960032,0.37976079096419907,0.5448665832262006,False Positive/Negative Neutral
"80 % = A in her class. Would give out an extra 10 % if you turned in your final essay early. Always had extra credit on exams. OPEN NOTE TESTS( 1 page, front and back)",her class,80 % = A,Neutral,Positive,0.49347805098637265,0.2107174414668762,0.29580450754675114,False Positive/Negative Neutral
"Pollock is tough. Just because he is not a cakewalk like most general education classes are doesn't mean he is a bad teacher. Ya you read a lot, but its good for you in the long run. If you read and just try your hardest you will be fine. Also, he cares very much about his students. To this day I haven't seen a prof like that besides him",Pollock,not a cakewalk,Neutral,Negative,0.09849177357389201,0.3824120144886786,0.5190962119374295,False Positive/Negative Neutral
"Pollock is tough. Just because he is not a cakewalk like most general education classes are doesn't mean he is a bad teacher. Ya you read a lot, but its good for you in the long run. If you read and just try your hardest you will be fine. Also, he cares very much about his students. To this day I haven't seen a prof like that besides him",read,a lot,Negative,Neutral,0.02338386935751867,0.718268571396615,0.25834755924586644,False Neutral
Very Poor teaching skills. She reads straight from the book and doesn't know how to help when you ask questions. Avoid !,She,reads straight from the book,Negative,Neutral,0.15067235500931128,0.4425604556899667,0.4067671893007219,False Neutral
LOTS OF WORK. BUT she is an awesome professor you can gain alot of knowledge in this class very interactive and worth taken best class i have taken so far. She gives alot of work but is very understanding all you have to do is talk to her make sure you form a good relationship. once again she is AWESOME anyone who says other wise is full of B. S,this class,you can gain alot of knowledge,Positive,Neutral,0.4152283087924239,0.5298583246099857,0.05491336659759029,False Neutral
"Currently taking this course online and all we get are handouts. You basically just read the handout and answer the discussion question at the end of the handout. On top of that there are also some textbook readings. Kinda boring and dry. Also had to do some extra research about topics since the handouts are difficult to understand( at least for me). There are also 3 tests in total which are very heavy weighted, making them count for 85% of your grade( first test-30%/ second test-30%/ third test-25%). They consist of short answer, long answer and/ or essay questions. The rest of the 15% is from your discussions. Would not recommend if you're not that into philosophy.",tests,very heavy weighted,Negative,Neutral,0.12710984309011109,0.5256033580482685,0.34728679886162034,False Neutral
"This course will touch upon everything you did in a CS degree, especially if you took courses like security and networks before. I didn't really enjoy it because you jump from topic to topic , sometimes with very little connection. There are a lot of details unanswered and the textbook is limited in it's use. In terms of assignments, 2 of them will take up quite a lot of your time.",This course,touch upon everything you did in a CS degree,Neutral,Positive,0.4036883692483818,0.23826888865170637,0.35804274209991177,False Positive/Negative Neutral
"This course will touch upon everything you did in a CS degree, especially if you took courses like security and networks before. I didn't really enjoy it because you jump from topic to topic , sometimes with very little connection. There are a lot of details unanswered and the textbook is limited in it's use. In terms of assignments, 2 of them will take up quite a lot of your time.",textbook,limited in it's use,Negative,Neutral,0.08419844763004852,0.5162094379698341,0.3995921144001174,False Neutral
"He's an awful instructor. He didnt know what he was talking about half the time, he just liked the sound of his own voice. He was always late and frequently absent and yet a very tough grader. His passion is drama, he likes to act and thats what he should stick to because i felt that he was an awful speech prof.",drama,thats what he should stick to,Neutral,Negative,0.2658956770993277,0.14563378514325048,0.5884705377574219,False Positive/Negative Neutral
"Pretty useful. Good introduction to Python after coming from Racket in CS115. Teaches fundamental concepts that you can transfer to other languages as well. Some assignments can be VERY time consuming. Overall, it's not a hard course.",concepts,you can transfer to other languages,Positive,Neutral,0.2879104681345679,0.6200319885771658,0.09205754328826629,False Neutral
"He is one who loves math and is crazy about it , but in a good way. He is not just another prof doing a job he actually enjoys math.",He,"loves math and is crazy about it , but in a good way",Positive,Neutral,0.4712169680324464,0.5189062795558854,0.00987675241166828,False Neutral
"He tends to mumble a bit and at first he was a bit hard to understand , but you get used to it. He does teach out of the textbook, but considering the tests are basically the problems he does and the textbook is written by a fellow professor, he does the best he can. The TA does most of the teaching anyways with any math class.",He,teach out of the textbook,Neutral,Negative,0.3417177730757273,0.2932671931213691,0.36501503380290357,False Positive/Negative Neutral
"Had this in F18. Not an exciting course but is arguably the most important for mech eng( along with it's 1B counterpart, ME 101). Course is demanding in the sense of how many hours go into it. It is by far the easiest course in 1A. It's also weighted more than the other courses and helps to boost your avg. The DCAP side of things were dry but very useful. Report writing is important for co-ops and most courses in the program. Not a ton of freedom for the project( building a toy) but it was fun. EGAD is also useful( besides freehand sketching), but it was not run very well. Most of the grading is subjective, and the TAs can be very inconsistent or downright rude. Tests were easy.",DCAP,dry but very useful,Neutral,Negative,0.11321504069454777,0.18641071840363865,0.7003742409018135,False Positive/Negative Neutral
"Had this in F18. Not an exciting course but is arguably the most important for mech eng( along with it's 1B counterpart, ME 101). Course is demanding in the sense of how many hours go into it. It is by far the easiest course in 1A. It's also weighted more than the other courses and helps to boost your avg. The DCAP side of things were dry but very useful. Report writing is important for co-ops and most courses in the program. Not a ton of freedom for the project( building a toy) but it was fun. EGAD is also useful( besides freehand sketching), but it was not run very well. Most of the grading is subjective, and the TAs can be very inconsistent or downright rude. Tests were easy.",Report writing,important,Positive,Neutral,0.1515986884564506,0.6380580363815604,0.210343275161989,False Neutral
"Had this in F18. Not an exciting course but is arguably the most important for mech eng( along with it's 1B counterpart, ME 101). Course is demanding in the sense of how many hours go into it. It is by far the easiest course in 1A. It's also weighted more than the other courses and helps to boost your avg. The DCAP side of things were dry but very useful. Report writing is important for co-ops and most courses in the program. Not a ton of freedom for the project( building a toy) but it was fun. EGAD is also useful( besides freehand sketching), but it was not run very well. Most of the grading is subjective, and the TAs can be very inconsistent or downright rude. Tests were easy.",project,Not a ton of freedom,Negative,Neutral,0.18809028020898863,0.5031006765716054,0.308809043219406,False Neutral
"Great course on( single-input single-output) feedback control systems, with a heavy focus on pole placement and design and analysis in the frequency domain. A good understanding of the prereq can get you pretty far into the first third or so of the course but there's a pretty large amount of material to learn afterward. Keeping up with the weekly problem sets and quizzes is highly recommended. Exam questions are often recycled from past stuff with a few numbers changed, so having a good understanding of the course week-by-week is extremely beneficial over catching up last minute. The tutorials and lectures are also helpful. Course notes are well-written and good for any details you missed or extra exercises you might want.",A good understanding of the prereq,can get you pretty far into the first third or so,Neutral,Positive,0.44722046480411254,0.4055826812245057,0.1471968539713818,False Positive/Negative Neutral
everything is up to par as you'd expect for a Russell group university.,everything,up to par as you'd expect for a Russell group university,Positive,Neutral,0.1857639493074637,0.6747694495946756,0.1394666010978607,False Neutral
"Online course delivery was similar to Math137/8- slow, online Mobius videos. For the most part, the videos covered everything you need but for some weeks the videos were scuffed in that they assumed you had knowledge that you didn't have yet- in these cases, I'd recommend taking a look in the textbook. Greg Rice's in-person , weekly tutorials were godly- they covered the whole week's content+ good examples+ some hints about what to expect on the exams. Overall, the course was pretty light imo though I know some people struggled with the timing on exams( not enough time to finish), so make sure you practice that when prepping for exams. My biggest piece of advice( for online delivery) would be to get used to using R commands for calculating distributions- they make your life a lot easier & save time on exams.",Online course delivery,online Mobius videos,Neutral,Negative,0.1507822738533128,0.08849599904056443,0.7607217271061227,False Positive/Negative Neutral
"Took this class fall of 2011. Do the work, come to class, pay attention and you'll do fine. I really liked him as a teacher, and he actually made me like chemistry. Thanks Dr. Durivage!",this class,you'll do fine,Positive,Neutral,0.4715541485865108,0.5094098757412178,0.019035975672271357,False Neutral
"AMAZING TEACHER! she is a great lecturer, she teaches like she is telling one giant story which makes it easy to follow along and remember. Take good notes because her exams are detailed. She is very specific with what she wants but is very good with her office hours. Her essay assignments aren't bad and she will read over your drafts. TAKE HER!",her exams,detailed,Neutral,Negative,0.3930737344926069,0.11304109074738816,0.49388517476000493,False Positive/Negative Neutral
"AMAZING TEACHER! she is a great lecturer, she teaches like she is telling one giant story which makes it easy to follow along and remember. Take good notes because her exams are detailed. She is very specific with what she wants but is very good with her office hours. Her essay assignments aren't bad and she will read over your drafts. TAKE HER!",what she wants,very specific with,Neutral,Negative,0.27768635135900627,0.15044603339748142,0.5718676152435124,False Positive/Negative Neutral
"I'm doing well in her class ONLY because I read all the chapters that are going to be on the test right before I take it. If you don't do the reading , you're going to fail. She lectures and all of the info is in the textbook. I don't even bother taking notes. I just read the chapters and I've gotten an A on all the tests.",read the chapters,I've gotten an A on all the tests,Positive,Neutral,0.23994938203402008,0.6401040232463685,0.11994659471961144,False Neutral
"She is really new and usually she seems really unprepared and maybe nervous. You have to do the reading for this class and when people don't, she yells at the class a lot. Not very approachable and seems like she doesn't enjoy teaching at all. I don't recommend her to anyone who wants a teacher that gives a crap about their students.",she,seems really unprepared and maybe nervous,Negative,Neutral,0.06577965696348614,0.6472271659599367,0.2869931770765773,False Neutral
"Easy A is right! This teacher is new and doesn't have a clue what is going on. Most of the time we just read the book, did very simple projects and got let out early. I guess she read enough comments on here and got inspired to improve. Her inexperience is your gain. EASY A! TAKE THIS PROFESSOR!",This teacher,Her inexperience is your gain,Neutral,Negative,0.47178404293838205,0.04834718319472813,0.47986877386688986,False Positive/Negative Neutral
"I hated that the lectures were asynchronous. The prof who teaches the lectures changes so the quality of the lectures vary. When you get a weak instructor or content is not clear, go to the WEEF TAs. Generally, it was not that bad and the tutorials were in-person which was nice. The main challange in this course was balancing it with all the other courses and finding time to study and learn the content.",quality of the lectures,vary,Negative,Neutral,0.17059290566769872,0.5423396733934505,0.2870674209388508,False Neutral
"I hated that the lectures were asynchronous. The prof who teaches the lectures changes so the quality of the lectures vary. When you get a weak instructor or content is not clear, go to the WEEF TAs. Generally, it was not that bad and the tutorials were in-person which was nice. The main challange in this course was balancing it with all the other courses and finding time to study and learn the content.",balancing it with all the other courses and finding time to study and learn the content,main challange,Negative,Neutral,0.20511646060703972,0.6080429499667035,0.18684058942625678,False Neutral
"Oh prof Ajie... he's not the most prepared( looks in the book 5 mins before class, just does examples) or the most clear( thick accent from Nigeria), but he just wants to see you try. I guarantee, go to office hours , do the labs , get a tutor , and he'll look the other way and give you a good grade. I had a 86 average, but still got an A. Nice!",prof Ajie,not the most prepared,Negative,Neutral,0.054205214508990095,0.7058040589938889,0.23999072649712108,False Neutral
"They turned the hard physics course into a bird course. Most of your mark is participation, and the mastering hasnt gotten harder since before covid( im taking this in 2nd year). I feel like the course doesn't give student that real uni ass kicking that it needs to in order to have competent students. I'm worried about how this term will effect the student when their classes get hard",course,Most of your mark is participation,Negative,Neutral,0.33051878882485225,0.3807249888024071,0.28875622237274057,False Neutral
"Prof. Crain is a valuable resource and by far one of ethe best at UML. His will kick your ass , but in the end you'll be glad you took it. And remember... If you every thing you're not doing great yourself... half the people in the class are on acid half the time and its hilarious to watch him flip out at them!",Prof. Crain,"will kick your ass , but in the end you'll be glad you took it",Neutral,Positive,0.7943015357075844,0.14552883537710715,0.060169628915308485,False Positive/Negative Neutral
"A very controversial class in regards to its difficulty, but in all honesty, a majority of it is Gr 11-12 review. KEEP YOUR NOTES FROM THESE GRADES. I took this class online during COVID-19 and watched maybe 5 of the lectures and rest I caught onto from Gr 11-12 notes and the course notes provided. I personally did not use the textbook other than to cite and reference for 120L and to study for the exam. The course is scary and a little intimidating, but push through; it is absolutely possible to pass with 90 %+. I was close with an 89%. Midterms and exam were alright, I found the exam easier than all the midterms. Be sure you understand your stoichiometry and all things quantum( VSEPR, orbitals, hybridization, etc.). Good luck!",difficulty,very controversial,Negative,Neutral,0.26334530929139394,0.5597996365714363,0.1768550541371698,False Neutral
"A very controversial class in regards to its difficulty, but in all honesty, a majority of it is Gr 11-12 review. KEEP YOUR NOTES FROM THESE GRADES. I took this class online during COVID-19 and watched maybe 5 of the lectures and rest I caught onto from Gr 11-12 notes and the course notes provided. I personally did not use the textbook other than to cite and reference for 120L and to study for the exam. The course is scary and a little intimidating, but push through; it is absolutely possible to pass with 90 %+. I was close with an 89%. Midterms and exam were alright, I found the exam easier than all the midterms. Be sure you understand your stoichiometry and all things quantum( VSEPR, orbitals, hybridization, etc.). Good luck!",course,push through,Negative,Neutral,0.05659211886716047,0.6760603262797954,0.2673475548530441,False Neutral
his tests are hard. only 3 students were passing in his class. so he said 80 is an A. otherwise we would be dead!!!,80 is an A,otherwise we would be dead,Negative,Neutral,0.093123011224834,0.6523783586357179,0.2544986301394482,False Neutral
"A good introductory course to performing text, specifically monologues, as an individual. An engaging and interesting range of texts to study were chosen, focusing on developing characters most of the students in the class had little experience with. Nice class size, although we were working individually we got many chances to engage with our peers and classmates for feedback. The assignments are fairly weighted( 10-20% for each performance or assignment), lightening the course load a lot compared to other courses that have fewer assessments weighted much heavier. Just come prepared to workshops( it's a matter of memorising your texts/ doing some independent rehearsal times) and you'll do well in this course.",assignments,lightening the course load a lot,Positive,Neutral,0.22225382591294168,0.5566501234816584,0.2210960506053999,False Neutral
I dont think I learned much in her class and I realized that when I went for college writing II. She is not really scrict but not really clear also.,She,not really scrict but not really clear,Neutral,Negative,0.010263323434225948,0.46265398547905584,0.5270826910867181,False Positive/Negative Neutral
"Very organized, test to the lecture notes accurately. Found her condescending though.",General Feedback,"Very organized, test to the lecture notes accurately. Found her condescending though.",Neutral,Negative,0.22672392316827725,0.30266309991586077,0.47061297691586207,False Positive/Negative Neutral
A very arrogant teacher. Tests graded very poorly- he says we don't have to memorize but if you want to do well on his tests memorize problem set answer keys and previous exams. He repeats q's and if you don't have EXACTLY what's on the answer key you will lose points( and that's not good),General Feedback,A very arrogant teacher. Tests graded very poorly- he says we don't have to memorize but if you want to do well on his tests memorize problem set answer keys and previous exams. He repeats q's and if you don't have EXACTLY what's on the answer key you will lose points( and that's not good),Negative,Neutral,0.13132700253594687,0.4478183135369872,0.4208546839270659,False Neutral
"I loved Exeter, ha I'm probably biased I've only been there but having visited other friends at their unis I felt lucky to go home to Exeter. Its such a nice campus and everyone knows everyone. The city is small b and the night life isn't so good but it does mean that when you're out everyone is there, like one big family.",General Feedback,"I loved Exeter, ha I'm probably biased I've only been there but having visited other friends at their unis I felt lucky to go home to Exeter. Its such a nice campus and everyone knows everyone. The city is small b and the night life isn't so good but it does mean that when you're out everyone is there, like one big family.",Positive,Neutral,0.40753322167796635,0.5102389943403862,0.08222778398164737,False Neutral
"Took this course as an elective and I really enjoyed it. I didn't really have much science background from high school either but they taught the course really well and there is very little-if anything-you need to clarify beyond the lecture notes. That being said, make sure to take good lecture notes because the words on the slides alone are not enough to easily build a good understanding, at least for me. If you review well before exams and attend class 90 is very doable.",General Feedback,"Took this course as an elective and I really enjoyed it. I didn't really have much science background from high school either but they taught the course really well and there is very little-if anything-you need to clarify beyond the lecture notes. That being said, make sure to take good lecture notes because the words on the slides alone are not enough to easily build a good understanding, at least for me. If you review well before exams and attend class 90 is very doable.",Positive,Neutral,0.3778044571368268,0.5888068892293605,0.03338865363381273,False Neutral
Took Distributed Development class. Professor was very helpful in answering questions and took an active interest in class discussions. Overall a good survey class that covers a broad array of material. No exams. Weekly projects required just the right amount of effort to learn but not feel overwhelmed.,General Feedback,Took Distributed Development class. Professor was very helpful in answering questions and took an active interest in class discussions. Overall a good survey class that covers a broad array of material. No exams. Weekly projects required just the right amount of effort to learn but not feel overwhelmed.,Positive,Neutral,0.29041700511659096,0.44297455074518605,0.266608444138223,False Neutral
Requires to read each class but at end of textbook is a review which helped me do the assignments. Make sure to participate! 2 papers he makes you do but very easy. Final will seem hard but he grades it pretty fairly and easy. Just keep up with work and not be lazy. Cool dude.,General Feedback,Requires to read each class but at end of textbook is a review which helped me do the assignments. Make sure to participate! 2 papers he makes you do but very easy. Final will seem hard but he grades it pretty fairly and easy. Just keep up with work and not be lazy. Cool dude.,Positive,Neutral,0.062181428062342635,0.9315421891550306,0.006276382782626687,False Neutral
Solid foundational course for mechanical and civil engineering. Clear curriculum with logical flow. Bridge project is fun. Could have been made a bit more interesting if it covered more commonly used techniques such as finite element analysis.,General Feedback,Solid foundational course for mechanical and civil engineering. Clear curriculum with logical flow. Bridge project is fun. Could have been made a bit more interesting if it covered more commonly used techniques such as finite element analysis.,Positive,Neutral,0.369160358592758,0.5554882009237363,0.07535144048350569,False Neutral
Lots of assignments.,General Feedback,Lots of assignments.,Negative,Neutral,0.03936919005741849,0.8409094670421821,0.11972134290039946,False Neutral
"Its tragic this is an antreq with SYDE 522 cause it is nothing like it. 2/ 3 of the "" AI "" methods taught in this course are archaic and pretty much useless, so much so that the professor feels like he needs to validate why we are learning the content every other week. The assignments weren't hard but usually very tedious. You could spend 10 hours on one of the 5% assignments for your entire grad be determined by a 1 hour 30% midterm or 50% final.",General Feedback,"Its tragic this is an antreq with SYDE 522 cause it is nothing like it. 2/ 3 of the "" AI "" methods taught in this course are archaic and pretty much useless, so much so that the professor feels like he needs to validate why we are learning the content every other week. The assignments weren't hard but usually very tedious. You could spend 10 hours on one of the 5% assignments for your entire grad be determined by a 1 hour 30% midterm or 50% final.",Negative,Neutral,0.017180253678600876,0.5766606868692538,0.4061590594521453,False Neutral
Easier than BIOL 130! Similar content,General Feedback,Easier than BIOL 130! Similar content,Positive,Neutral,0.4651858871156727,0.5171101831046945,0.01770392977963294,False Neutral
Amazing sport facilities and friendly atmosphere. The SU is new and spacious. However not many places to sit in the library at busy times.,General Feedback,Amazing sport facilities and friendly atmosphere. The SU is new and spacious. However not many places to sit in the library at busy times.,Neutral,Positive,0.5103922887226572,0.35727775408823315,0.13232995718910973,False Positive/Negative Neutral
honest everything is essay based and super subjective which is a pain,General Feedback,honest everything is essay based and super subjective which is a pain,Negative,Neutral,0.2897788514868254,0.4222312667915698,0.28798988172160467,False Neutral
"Incredible campus, such a beautiful working environment! Student Guild staff are generally very helpful, certain members are especially. The university itself is a mixed bag- certain professors are exceptionally passionate , dedicated and considerate to their students, whereas others are clearly more concerned with their own ego than the welfare and progression of their students. The overall feel of the university is extremely bureaucratic and gives the impression that it’s primary focus is to be ran as a business for making money and boosting the reputation of its senior staff members and not the students under its care.",General Feedback,"Incredible campus, such a beautiful working environment! Student Guild staff are generally very helpful, certain members are especially. The university itself is a mixed bag- certain professors are exceptionally passionate , dedicated and considerate to their students, whereas others are clearly more concerned with their own ego than the welfare and progression of their students. The overall feel of the university is extremely bureaucratic and gives the impression that it’s primary focus is to be ran as a business for making money and boosting the reputation of its senior staff members and not the students under its care.",Neutral,Positive,0.721809126616323,0.08257203294886405,0.1956188404348129,False Positive/Negative Neutral
Overlapped highschool physics but more confusing. Didn't go to most of the lectures and studied for quizzes the day of... not recommended.,General Feedback,Overlapped highschool physics but more confusing. Didn't go to most of the lectures and studied for quizzes the day of... not recommended.,Negative,Neutral,0.03615713467357559,0.6023382434745683,0.36150462185185595,False Neutral
"One of the highest marks I've had in the last four years. There were a lot of bonus marks and extra questions to keep marks high. The work is actually tough, but it's a good kind of tough if you like proofs. The assignments are pretty manageable if you start early.",General Feedback,"One of the highest marks I've had in the last four years. There were a lot of bonus marks and extra questions to keep marks high. The work is actually tough, but it's a good kind of tough if you like proofs. The assignments are pretty manageable if you start early.",Positive,Neutral,0.09966393220086849,0.8872054163245576,0.013130651474573806,False Neutral
Not easy!,General Feedback,Not easy!,Negative,Neutral,0.007001904638840046,0.9118408559853373,0.08115723937582275,False Neutral
"Professor Bozin is a real cool guy once you get in his class and know him a bit. funny person overall and cares about his students and their success. the class is no fluff off however you must really work your rear end off to get a reasonable grade in this class. Tests are HARD and sometimes can be confusing. Overall , I would take him again!",General Feedback,"Professor Bozin is a real cool guy once you get in his class and know him a bit. funny person overall and cares about his students and their success. the class is no fluff off however you must really work your rear end off to get a reasonable grade in this class. Tests are HARD and sometimes can be confusing. Overall , I would take him again!",Neutral,Positive,0.8129550075470466,0.08295669367186052,0.10408829878109277,False Positive/Negative Neutral
"Bob is a very intelligent , respectable professor. Though this class was interesting, most of the information isn't useful unless you plan to be a mineralogist. The necessity of sheer memorization for parts of the exams is disappointing. Be sure to learn how to do the problems a few days before the exam, because there aren't examples in the notes.",General Feedback,"Bob is a very intelligent , respectable professor. Though this class was interesting, most of the information isn't useful unless you plan to be a mineralogist. The necessity of sheer memorization for parts of the exams is disappointing. Be sure to learn how to do the problems a few days before the exam, because there aren't examples in the notes.",Neutral,Negative,0.21843452491521895,0.2800630727864073,0.5015024022983738,False Positive/Negative Neutral
"This course was mostly a review of Che 100 with a little bit of Che 102 mixed in up until the midterm. Post midterm became a lot tougher, as this is when Energy Balances are introduced. Our class had a fairly high midterm average, so of course we were destroyed on the exam. However, we all came out with decent marks in the end( ride the curve kids). I voted this course as easy because in terms of the other courses that you'll take in the semester, it is one of the easier ones. However, be sure to do all of your practice and assignments, and be sure to show up to tutorials( you will get easy marks). Redoing the tutorial sheets and assignments is also very helpful for studying for the final exam.",General Feedback,"This course was mostly a review of Che 100 with a little bit of Che 102 mixed in up until the midterm. Post midterm became a lot tougher, as this is when Energy Balances are introduced. Our class had a fairly high midterm average, so of course we were destroyed on the exam. However, we all came out with decent marks in the end( ride the curve kids). I voted this course as easy because in terms of the other courses that you'll take in the semester, it is one of the easier ones. However, be sure to do all of your practice and assignments, and be sure to show up to tutorials( you will get easy marks). Redoing the tutorial sheets and assignments is also very helpful for studying for the final exam.",Positive,Neutral,0.12136043875383308,0.8302211852428094,0.04841837600335738,False Neutral
"I found it quite easy, but I also found Math 127 easy. Make sure your algebra and basic math skills are up to snuff, and don't procrastinate the assignments/ projects.",General Feedback,"I found it quite easy, but I also found Math 127 easy. Make sure your algebra and basic math skills are up to snuff, and don't procrastinate the assignments/ projects.",Positive,Neutral,0.04266367367314663,0.9533856368440243,0.003950689482829059,False Neutral
"Just a lot of guest speakers, not particularly exciting. If you like learning about resources the school as to offer and tips for things like studying and exam taking, you might enjoy this class as it is useful for that type of thing.",General Feedback,"Just a lot of guest speakers, not particularly exciting. If you like learning about resources the school as to offer and tips for things like studying and exam taking, you might enjoy this class as it is useful for that type of thing.",Neutral,Positive,0.4416131260302697,0.4211671543049469,0.13721971966478352,False Positive/Negative Neutral
"This course in concept is very useful, however there is a great focus on language specific knowledge as well as memorization for exams. Would not recommend this course, take some online course instead.",General Feedback,"This course in concept is very useful, however there is a great focus on language specific knowledge as well as memorization for exams. Would not recommend this course, take some online course instead.",Negative,Neutral,0.14985994370317995,0.6241187209265795,0.22602133537024052,False Neutral
I gotta say I truly only stayed in her class cuz she is pretty hot for a teacher. MAterial isnt too hard slightly tricky but she is helpful. I think she curves. Goes over the material in an interactive manner and has facebook so look her up.,General Feedback,I gotta say I truly only stayed in her class cuz she is pretty hot for a teacher. MAterial isnt too hard slightly tricky but she is helpful. I think she curves. Goes over the material in an interactive manner and has facebook so look her up.,Positive,Neutral,0.28265348372095084,0.5851236783108907,0.13222283796815834,False Neutral
"Lots of readings, Weekly Quizzes on multiple chapters, Few assignments, Tough Grader. You either do really good or really bad in her class. No tests, one big group project and one final quiz.",General Feedback,"Lots of readings, Weekly Quizzes on multiple chapters, Few assignments, Tough Grader. You either do really good or really bad in her class. No tests, one big group project and one final quiz.",Neutral,Negative,0.11873949414185064,0.30750920857768355,0.5737512972804659,False Positive/Negative Neutral
"I like Wong, he's an engaging prof. The lab instructor Bahareh is ok",General Feedback,"I like Wong, he's an engaging prof. The lab instructor Bahareh is ok",Positive,Neutral,0.17155962279109327,0.679017389988589,0.14942298722031763,False Neutral
University of Exeter has met expectations I did not even have before. Half of the lecturers for my course( Sports and Exercise Medical Science) were very knowledgable. The St Luke and Streatham campuses are not too far from the city centre. I enjoyed the societies( Muay Thai and Jiu-Jitsu). They allowed me to meet people from different backgrounds. My only complaint is the University Community Mental Health Team. I had 5 sessions with them for my Mixed Anxiety and Depressive Disorder. It was very unhelpful as the nurse was always unprepared and seemingly inattentive.,General Feedback,University of Exeter has met expectations I did not even have before. Half of the lecturers for my course( Sports and Exercise Medical Science) were very knowledgable. The St Luke and Streatham campuses are not too far from the city centre. I enjoyed the societies( Muay Thai and Jiu-Jitsu). They allowed me to meet people from different backgrounds. My only complaint is the University Community Mental Health Team. I had 5 sessions with them for my Mixed Anxiety and Depressive Disorder. It was very unhelpful as the nurse was always unprepared and seemingly inattentive.,Neutral,Positive,0.5134002369882678,0.256936834104957,0.22966292890677523,False Positive/Negative Neutral
ez course ez marks dont need to go to class,General Feedback,ez course ez marks dont need to go to class,Positive,Neutral,0.09289334185447069,0.7877290002463376,0.11937765789919169,False Neutral
Everything was peaches until the final exam. It's been almost a month and I have not fully recovered.,General Feedback,Everything was peaches until the final exam. It's been almost a month and I have not fully recovered.,Negative,Neutral,0.029774411726824525,0.7341511617929198,0.23607442648025562,False Neutral
Annoying but easy mark. Yet doesnt contribute as a grade on ur transcript lol. It was just annoying to deal with on a work term.,General Feedback,Annoying but easy mark. Yet doesnt contribute as a grade on ur transcript lol. It was just annoying to deal with on a work term.,Negative,Neutral,0.008382798303069471,0.5283834647593821,0.4632337369375484,False Neutral
You need the book so this course can become easy. 1/3 of the questions are from the book so it is a must. Class avg is 77% for the 2nd midterm,General Feedback,You need the book so this course can become easy. 1/3 of the questions are from the book so it is a must. Class avg is 77% for the 2nd midterm,Positive,Neutral,0.09307843878037365,0.8868224462380209,0.020099114981605517,False Neutral
"Pretty simple labs, a good intro to university chemistry labs. Learned a lot of lab skills and lab report writing techniques. Exam was fair, a bit trickier than the post lab reports.",General Feedback,"Pretty simple labs, a good intro to university chemistry labs. Learned a lot of lab skills and lab report writing techniques. Exam was fair, a bit trickier than the post lab reports.",Positive,Neutral,0.2902905533369976,0.6546403392321032,0.05506910743089906,False Neutral
Started off as high school vectors / matrices review and delved deeper from there. I found it difficult because I couldn't practice new math concepts as much as I did in high school,General Feedback,Started off as high school vectors / matrices review and delved deeper from there. I found it difficult because I couldn't practice new math concepts as much as I did in high school,Negative,Neutral,0.045851368853756735,0.8198412840032533,0.13430734714299003,False Neutral
This is the same course as SYDE 362. Difficult to rank because it's really just supplementary time for the design project course.,General Feedback,This is the same course as SYDE 362. Difficult to rank because it's really just supplementary time for the design project course.,Neutral,Negative,0.1212443920354229,0.36479209144242786,0.5139635165221492,False Positive/Negative Neutral
"Bit few study spaces, sometimes get the impression that the uni doesn’t really care about its students , nor its staff. Module choice is alright , but nothing extraordinary. If you decide to study politics/ IR, be prepared for a lack of support, teaching about methods and that everything happens really late. It’s a green campus campus, the library is a bit sad but are other options on campus once you find them. The 2 pound meal is a plus. Be prepared for the hill and high rent.",General Feedback,"Bit few study spaces, sometimes get the impression that the uni doesn’t really care about its students , nor its staff. Module choice is alright , but nothing extraordinary. If you decide to study politics/ IR, be prepared for a lack of support, teaching about methods and that everything happens really late. It’s a green campus campus, the library is a bit sad but are other options on campus once you find them. The 2 pound meal is a plus. Be prepared for the hill and high rent.",Negative,Neutral,0.029563025269354424,0.9546349123627195,0.015802062367926053,False Neutral
"Lectures were very straightforward and easy to understand. He does use clickers for participation and quizzes. Students are given a study guide and are allowed to use a page of hand written notes on his tests. If you just go over the study guide, you won't need the page of notes. I felt that using the page of notes didn't help me much on tests",General Feedback,"Lectures were very straightforward and easy to understand. He does use clickers for participation and quizzes. Students are given a study guide and are allowed to use a page of hand written notes on his tests. If you just go over the study guide, you won't need the page of notes. I felt that using the page of notes didn't help me much on tests",Neutral,Positive,0.4508318345302503,0.24514463062447597,0.30402353484527367,False Positive/Negative Neutral
"Everything before assemblies and memory was incredibly easy to understand and follow. So easy that our professor got super salty because the marks were too high and explicitly stated that he would"" take extra precautions"" when making the final. He ended up making like 10 versions of the final, each one with varying levels of question difficulty. Really did not enjoy the course after midterms.",General Feedback,"Everything before assemblies and memory was incredibly easy to understand and follow. So easy that our professor got super salty because the marks were too high and explicitly stated that he would"" take extra precautions"" when making the final. He ended up making like 10 versions of the final, each one with varying levels of question difficulty. Really did not enjoy the course after midterms.",Neutral,Positive,0.6182735820368112,0.19889716739811877,0.1828292505650701,False Positive/Negative Neutral
Very straight forward class but by no means an easy A. HEAVY on notes but she never asks anything on tests or quizzes that wasn't specifically in the notes. Class is 4 tests which are 80 multiple choice and 2 essay each. Questions on final are copied and pasted directly from first 4 tests. Doesn't take attendance but you WILL fail if you miss class,General Feedback,Very straight forward class but by no means an easy A. HEAVY on notes but she never asks anything on tests or quizzes that wasn't specifically in the notes. Class is 4 tests which are 80 multiple choice and 2 essay each. Questions on final are copied and pasted directly from first 4 tests. Doesn't take attendance but you WILL fail if you miss class,Neutral,Negative,0.10744735890450811,0.39015907247590015,0.5023935686195917,False Positive/Negative Neutral
"This professor is a lot of fun. She's so funny! BUT there is A LOT of material to cover& she moves FAST. You can't screw off. Her tests are from her lectures so PRINT her online lecture notes and fill them in during lectures. Review notes daily. Use the book only as needed. Her exams are fill in the blank, so STUDY LECTURE NOTES well.",General Feedback,"This professor is a lot of fun. She's so funny! BUT there is A LOT of material to cover& she moves FAST. You can't screw off. Her tests are from her lectures so PRINT her online lecture notes and fill them in during lectures. Review notes daily. Use the book only as needed. Her exams are fill in the blank, so STUDY LECTURE NOTES well.",Neutral,Negative,0.134124633305605,0.36760707857872343,0.49826828811567153,False Positive/Negative Neutral
The material in this course comes up again in SE 380.,General Feedback,The material in this course comes up again in SE 380.,Neutral,Negative,0.2887077617884082,0.2759421785724593,0.4353500596391326,False Positive/Negative Neutral
just sleep through it trust me on this,General Feedback,just sleep through it trust me on this,Negative,Neutral,0.03194919102752693,0.6165009517676738,0.3515498572047993,False Neutral
"Great course! Really interesting! If you pay attention to what she says in class you will do fine, watch out for writing in detail on midterms and exams.",General Feedback,"Great course! Really interesting! If you pay attention to what she says in class you will do fine, watch out for writing in detail on midterms and exams.",Neutral,Positive,0.6796127711716206,0.3053393779258083,0.015047850902571162,False Positive/Negative Neutral
"Not a lot of formal structure to this course, but being able to watch past design project presentations and discuss them as a group is actually very useful. Most of your time working on the project will be spent outside of class, however.",General Feedback,"Not a lot of formal structure to this course, but being able to watch past design project presentations and discuss them as a group is actually very useful. Most of your time working on the project will be spent outside of class, however.",Positive,Neutral,0.015241042741891447,0.8620782346942352,0.12268072256387334,False Neutral
"This is a refreshing course to take after having taken a few upper year electricity and magnetism courses, as we use that knowledge to break down the underlying physics behind optical phenomena. I especially appreciated seeing the formalism behind Fourier Optics, as it looks like a gateway to even more impressive behaviours.",General Feedback,"This is a refreshing course to take after having taken a few upper year electricity and magnetism courses, as we use that knowledge to break down the underlying physics behind optical phenomena. I especially appreciated seeing the formalism behind Fourier Optics, as it looks like a gateway to even more impressive behaviours.",Positive,Neutral,0.3419143931520339,0.38697800574339775,0.2711076011045684,False Neutral
Course would be good if it was taught by different prof,General Feedback,Course would be good if it was taught by different prof,Negative,Neutral,0.04067457467763111,0.8698010261644152,0.0895243991579536,False Neutral
Go to office hours and the tutorial centre if you have trouble. The weekly quizzes helped for memorization of the material,General Feedback,Go to office hours and the tutorial centre if you have trouble. The weekly quizzes helped for memorization of the material,Positive,Neutral,0.19671276968589999,0.6603049884183578,0.14298224189574213,False Neutral
"Odd choice in movie selection, but each movie viewed pertains to material covered in the text; films such as a Horror, Drama, Mise en scene, etc.",General Feedback,"Odd choice in movie selection, but each movie viewed pertains to material covered in the text; films such as a Horror, Drama, Mise en scene, etc.",Neutral,Negative,0.21896075712178917,0.22855014151652592,0.5524891013616849,False Positive/Negative Neutral
"Moderately hard until the end, I don't see this material being useful in my life...",General Feedback,"Moderately hard until the end, I don't see this material being useful in my life...",Negative,Neutral,0.04899449063425984,0.6172873221857186,0.3337181871800216,False Neutral
"A wonderful teacher. You do need to apply yourself outside of class to keep up, but the hw is pretty fun. I heard she was teaching 121 and signed up right away.",General Feedback,"A wonderful teacher. You do need to apply yourself outside of class to keep up, but the hw is pretty fun. I heard she was teaching 121 and signed up right away.",Positive,Neutral,0.3918568939044638,0.5215222006057836,0.08662090548975256,False Neutral
"Entire class was split into four tests worth 25%. No assignments otherwise. Lots of reading, which is to be expected in a mythology course, as well as some videos which were supplemental and optional. I wish we had some more assignments- having my grade rest on just four tests was very stressful to the point where it almost felt unfair. But, as someone who loves mythology, the course content was interesting and Dr Kroeker was a fun prof who seemed to thoroughly enjoy what he was teaching, which made the course engaging.",General Feedback,"Entire class was split into four tests worth 25%. No assignments otherwise. Lots of reading, which is to be expected in a mythology course, as well as some videos which were supplemental and optional. I wish we had some more assignments- having my grade rest on just four tests was very stressful to the point where it almost felt unfair. But, as someone who loves mythology, the course content was interesting and Dr Kroeker was a fun prof who seemed to thoroughly enjoy what he was teaching, which made the course engaging.",Neutral,Positive,0.480440012448157,0.34349245224525243,0.17606753530659053,False Positive/Negative Neutral
Really easy course. Didn't cover enough content to be useful or worthwhile.,General Feedback,Really easy course. Didn't cover enough content to be useful or worthwhile.,Negative,Neutral,0.37336929906260125,0.48593881288560287,0.14069188805179586,False Neutral
"I had to take this course, I am not very interested in this subject, but it was an overall good course.",General Feedback,"I had to take this course, I am not very interested in this subject, but it was an overall good course.",Positive,Neutral,0.17859824590505605,0.717318725813887,0.104083028281057,False Neutral
You can passed her class only if you work hard.,General Feedback,You can passed her class only if you work hard.,Negative,Neutral,0.06791451801964515,0.9069704031974037,0.02511507878295103,False Neutral
Stupid class but ez mark. Programming sux,General Feedback,Stupid class but ez mark. Programming sux,Negative,Neutral,0.08274125394732114,0.7377384292526384,0.17952031680004035,False Neutral
"Students are graded only on tests and quizzes. Dr. K . is very respected in the classroom and willing to answer any questions. He is very knowledgeable on the subject. However, you really have to study to get good grades and I find his recommended way of note-taking to be ineffective. Also, he thinks he is very funny , but he is not.",General Feedback,"Students are graded only on tests and quizzes. Dr. K . is very respected in the classroom and willing to answer any questions. He is very knowledgeable on the subject. However, you really have to study to get good grades and I find his recommended way of note-taking to be ineffective. Also, he thinks he is very funny , but he is not.",Neutral,Positive,0.49899630080259544,0.4317165332072066,0.06928716599019807,False Positive/Negative Neutral
"Although this course is overall useless, I enjoy the part where I actually designed a turning machine. Also, the course is relatively easy, and most people I know are about to ace the course( I predict I will get a 96 or something)",General Feedback,"Although this course is overall useless, I enjoy the part where I actually designed a turning machine. Also, the course is relatively easy, and most people I know are about to ace the course( I predict I will get a 96 or something)",Neutral,Positive,0.48935843319689715,0.2820261200583297,0.22861544674477313,False Positive/Negative Neutral
Go for the experience.,General Feedback,Go for the experience.,Positive,Neutral,0.16435036080430931,0.7711395832811289,0.06451005591456177,False Neutral
"Study the lecture slides. No need to read the book but he has extra credit questions on the exams that come from the book. Very nice professor, talks fast but podcasts. 1 midterm and 1 final. He made the exam we did better on worth more:). and I thought it was pretty common to give slightly more Cs than Bs.",General Feedback,"Study the lecture slides. No need to read the book but he has extra credit questions on the exams that come from the book. Very nice professor, talks fast but podcasts. 1 midterm and 1 final. He made the exam we did better on worth more:). and I thought it was pretty common to give slightly more Cs than Bs.",Positive,Neutral,0.0522863637354834,0.9203244188418137,0.027389217422703,False Neutral
"Exeter is a good place , but with its limitations. Exeter has lost something about its self that many universities have maintained through COVID. I hope Exeter can rebuild its reputation as a great university in the future",General Feedback,"Exeter is a good place , but with its limitations. Exeter has lost something about its self that many universities have maintained through COVID. I hope Exeter can rebuild its reputation as a great university in the future",Neutral,Positive,0.4917440633604894,0.4576484424456643,0.05060749419384611,False Positive/Negative Neutral
"Don't do it , if you value yourself as a person , don't do it.",General Feedback,"Don't do it , if you value yourself as a person , don't do it.",Negative,Neutral,0.0376311209113119,0.8243016869876114,0.13806719210107668,False Neutral
"Professor Sneed's class was a semi tough one. So for the reading, make sure to understand whay you're reading and if you don't come to class. That discussion you have in class is super important. The tests are 85 % on that discussion I guarantee you. Participate, record if you have to. The summaries are IMPORTANT. Do all this and you'd be fine.",General Feedback,"Professor Sneed's class was a semi tough one. So for the reading, make sure to understand whay you're reading and if you don't come to class. That discussion you have in class is super important. The tests are 85 % on that discussion I guarantee you. Participate, record if you have to. The summaries are IMPORTANT. Do all this and you'd be fine.",Positive,Neutral,0.3288037207024071,0.6429732067233288,0.028223072574263992,False Neutral
A fabulous time compared to my old uni.,General Feedback,A fabulous time compared to my old uni.,Positive,Neutral,0.20553487986784016,0.44793324202720913,0.3465318781049507,False Neutral
"Fairly easy if you've coded before, but don't assume it's a bird course. Weekly assignments have lots of edge cases.",General Feedback,"Fairly easy if you've coded before, but don't assume it's a bird course. Weekly assignments have lots of edge cases.",Negative,Neutral,0.07945984921979875,0.897044155031853,0.023495995748348257,False Neutral
"Although lots of my time at Exeter has been brilliant and I wouldn't trade the friends I have made for anything the academic support is absolutely awful. The staff are unsympathetic, feedback vague and contradictory. I went to my tutor to ask for more detailed feedback or examples of how I could have improved my work and he was unable to go into more detail but considering the mark I was given there must have been a lot there to improve. If you're going to spend £9, 250, spend it on somewhere that actually cares about its students. Exeter only cares about it's reputation and the lecturers are definitely chosen based on their research rather than the quality of their teaching which would be fine but again for the amount of money you would be better off elsewhere.",General Feedback,"Although lots of my time at Exeter has been brilliant and I wouldn't trade the friends I have made for anything the academic support is absolutely awful. The staff are unsympathetic, feedback vague and contradictory. I went to my tutor to ask for more detailed feedback or examples of how I could have improved my work and he was unable to go into more detail but considering the mark I was given there must have been a lot there to improve. If you're going to spend £9, 250, spend it on somewhere that actually cares about its students. Exeter only cares about it's reputation and the lecturers are definitely chosen based on their research rather than the quality of their teaching which would be fine but again for the amount of money you would be better off elsewhere.",Negative,Neutral,0.13703281047457636,0.5023706023748448,0.36059658715057896,False Neutral
She is very clear with her expectations. Gets back to emails quickly. Not very many assignments. Do the work and you'll pass,General Feedback,She is very clear with her expectations. Gets back to emails quickly. Not very many assignments. Do the work and you'll pass,Positive,Neutral,0.21479262516145872,0.48015934227968043,0.30504803255886076,False Neutral
"I don't know what was going on this term... Until halfway across the term, the professors weren't on Piazza. The format of the course seems to have been reworked completely from previous online offerings( for no good reason, since previous offerings were apparently great). There were a lot more timed tests. Presumably to stop cheating, but I would guess it would help cheaters who were able to get a question paper beforehand, because if you had seen the questions before the super-strict time limits might seem a lot more reasonable. Even profs had trouble solving practice problems in office hours. The lectures were all old and reused from previous terms, which were great. I really enjoyed the content. But the assessments- especially the timed exams- were so stressful and draining that I came away disliking the course despite being interested in the topics.",General Feedback,"I don't know what was going on this term... Until halfway across the term, the professors weren't on Piazza. The format of the course seems to have been reworked completely from previous online offerings( for no good reason, since previous offerings were apparently great). There were a lot more timed tests. Presumably to stop cheating, but I would guess it would help cheaters who were able to get a question paper beforehand, because if you had seen the questions before the super-strict time limits might seem a lot more reasonable. Even profs had trouble solving practice problems in office hours. The lectures were all old and reused from previous terms, which were great. I really enjoyed the content. But the assessments- especially the timed exams- were so stressful and draining that I came away disliking the course despite being interested in the topics.",Negative,Neutral,0.12913067044298188,0.5738793766371808,0.2969899529198372,False Neutral
"You learn a lot of very interesting and useful stuff in this course. Loved the problem-centric + discovery style delivery of the content, made it that much more engaging and definitely helped me learn. Assignments were quite long but very rewarding- beware there's no release tests so you'll have to write your own tests! Final project was AGE game engine, which was very fun but also incredibly super big and long- most people I talked to didn't do very well on the final project( myself included), but still loved the course.",General Feedback,"You learn a lot of very interesting and useful stuff in this course. Loved the problem-centric + discovery style delivery of the content, made it that much more engaging and definitely helped me learn. Assignments were quite long but very rewarding- beware there's no release tests so you'll have to write your own tests! Final project was AGE game engine, which was very fun but also incredibly super big and long- most people I talked to didn't do very well on the final project( myself included), but still loved the course.",Positive,Neutral,0.39153625767935796,0.5594683256683186,0.04899541665232348,False Neutral
wuck fork term report,General Feedback,wuck fork term report,Negative,Neutral,0.03683787912886797,0.8049196884620574,0.15824243240907462,False Neutral
Very easy till midterm,General Feedback,Very easy till midterm,Neutral,Positive,0.6299379216819609,0.3532616861669689,0.01680039215107026,False Positive/Negative Neutral
"it's not perfect but nothing is. most beautiful campus ever for sure, lots of mh support",General Feedback,"it's not perfect but nothing is. most beautiful campus ever for sure, lots of mh support",Positive,Neutral,0.23283215696191747,0.7358695360967764,0.0312983069413061,False Neutral
Another course that is useful yet I struggled with.,General Feedback,Another course that is useful yet I struggled with.,Neutral,Negative,0.19522556162682725,0.38173703940487613,0.42303739896829656,False Positive/Negative Neutral
"I would bet this depends heavily on the prof, but as far as communication courses go, this was a pretty manageable course. I got an 84% with Nicholas Balaisis. It was kinda of interesting too. The writing / journals was/ were kinda tedious though, but the group presentation was fun!",General Feedback,"I would bet this depends heavily on the prof, but as far as communication courses go, this was a pretty manageable course. I got an 84% with Nicholas Balaisis. It was kinda of interesting too. The writing / journals was/ were kinda tedious though, but the group presentation was fun!",Positive,Neutral,0.015144098479552877,0.9684561810886514,0.01639972043179572,False Neutral
"Most useless course. Either materials were so outdated or you already know it from co-op. But being in SE, you gotta take it.",General Feedback,"Most useless course. Either materials were so outdated or you already know it from co-op. But being in SE, you gotta take it.",Negative,Neutral,0.028878452404136043,0.5564634511688115,0.4146580964270526,False Neutral
"I took this course online and it was so hard to teach yourself. The instructional videos help, but not nearly as much as having a person standing in front of you gaging whether the room is understanding or not. Very important and necessary info, but difficult without being on campus in person.",General Feedback,"I took this course online and it was so hard to teach yourself. The instructional videos help, but not nearly as much as having a person standing in front of you gaging whether the room is understanding or not. Very important and necessary info, but difficult without being on campus in person.",Negative,Neutral,0.039242138560697526,0.6174931772344774,0.34326468420482514,False Neutral
This is what makes me contemplate switching to CS,General Feedback,This is what makes me contemplate switching to CS,Neutral,Negative,0.29217434975651024,0.13569755766827166,0.572128092575218,False Positive/Negative Neutral
"The class overall was really great and I feel like I really learned a lot. You have to read though since that the exams include questions on the readings. Also, it is sort of hard to get an A only because the entire class is out of 100 points. But overall quite easy to get and A with effort.",General Feedback,"The class overall was really great and I feel like I really learned a lot. You have to read though since that the exams include questions on the readings. Also, it is sort of hard to get an A only because the entire class is out of 100 points. But overall quite easy to get and A with effort.",Positive,Neutral,0.3183649059207817,0.5921379378119872,0.08949715626723095,False Neutral
"2017F, Cormack. A good course in general plusTA( Ashish) was extremely helpful. Bombed the first midterm but ended as my highest mark of the term.",General Feedback,"2017F, Cormack. A good course in general plusTA( Ashish) was extremely helpful. Bombed the first midterm but ended as my highest mark of the term.",Positive,Neutral,0.29716033321342994,0.6533287720162825,0.049510894770287556,False Neutral
Lots of material to learn and could be better. Harder then ME115 by a lot. Get ready to get wrecked by the midterm and final.,General Feedback,Lots of material to learn and could be better. Harder then ME115 by a lot. Get ready to get wrecked by the midterm and final.,Negative,Neutral,0.08724155773091577,0.4893089005166487,0.4234495417524355,False Neutral
"Depends on the prof, too much work considering it is a communication and I have no interest in the topic.",General Feedback,"Depends on the prof, too much work considering it is a communication and I have no interest in the topic.",Negative,Neutral,0.08949671508120237,0.5699715676826055,0.34053171723619213,False Neutral
This course going into a deeper level compared to AFM 121 and I found the material very interesting. Most of it is just math and excel so make sure to do lots of practice problems to ace your exams!,General Feedback,This course going into a deeper level compared to AFM 121 and I found the material very interesting. Most of it is just math and excel so make sure to do lots of practice problems to ace your exams!,Positive,Neutral,0.19293338465814533,0.7933017278390485,0.013764887502806095,False Neutral
It's more focused on the math behind FEM rather than practical use in the workplace. I'd prefer it to be structured more like ME 566.,General Feedback,It's more focused on the math behind FEM rather than practical use in the workplace. I'd prefer it to be structured more like ME 566.,Negative,Neutral,0.08762437391822636,0.6655584338199422,0.2468171922618314,False Neutral
"Great course / content, assignments can be tough.",General Feedback,"Great course / content, assignments can be tough.",Neutral,Positive,0.4740629821634076,0.3403200445983595,0.18561697323823295,False Positive/Negative Neutral
"There's SO MUCH content it's pretty crazy. 40 pages of dense reading per week could get pretty tough. The course goes over the topics in great detail, and you get to see how brain works at the biological level. If you were unsatisfied with the hand-wavy content from psych 101 this might be interesting. The exams weren't too hard if you had committed to learning things by heart",General Feedback,"There's SO MUCH content it's pretty crazy. 40 pages of dense reading per week could get pretty tough. The course goes over the topics in great detail, and you get to see how brain works at the biological level. If you were unsatisfied with the hand-wavy content from psych 101 this might be interesting. The exams weren't too hard if you had committed to learning things by heart",Positive,Neutral,0.22667542292901685,0.6509660818846958,0.12235849518628727,False Neutral
"takes attendance but i don't think it mattered much, he's super nice and grades well. There are a few tests and quizzes but nothing too bad.",General Feedback,"takes attendance but i don't think it mattered much, he's super nice and grades well. There are a few tests and quizzes but nothing too bad.",Positive,Neutral,0.14503378732445277,0.7619122631745296,0.09305394950101753,False Neutral
"The midterm average was like 25 %, which really set the tone of the course.",General Feedback,"The midterm average was like 25 %, which really set the tone of the course.",Negative,Neutral,0.14046800459931943,0.6873282332680853,0.17220376213259536,False Neutral
Lab reports take so much time and the lab manual is terrible. If you do everything asked of you in the manual you'll get an OK mark.,General Feedback,Lab reports take so much time and the lab manual is terrible. If you do everything asked of you in the manual you'll get an OK mark.,Negative,Neutral,0.0766671938540113,0.7960560377942063,0.12727676835178256,False Neutral
"CS 446 is a great course for anyone who is interested in becoming a software engineer. It covers a wide range of topics including architectures, design patterns, stakeholder management, release engineering and many more. The course is mainly project-based, and the exam is really not that hard. The only downside is that the course makes you use android, which makes it hard to adhere to some of the requirements( using two architectures and two design patterns). It made me feel like I had to shoehorn them ino to meet the marks. Overall while you could learn these topics on your own, a 12-week course made super engaging meant that we were able to learn about all of these in more detail.",General Feedback,"CS 446 is a great course for anyone who is interested in becoming a software engineer. It covers a wide range of topics including architectures, design patterns, stakeholder management, release engineering and many more. The course is mainly project-based, and the exam is really not that hard. The only downside is that the course makes you use android, which makes it hard to adhere to some of the requirements( using two architectures and two design patterns). It made me feel like I had to shoehorn them ino to meet the marks. Overall while you could learn these topics on your own, a 12-week course made super engaging meant that we were able to learn about all of these in more detail.",Positive,Neutral,0.3331130454806241,0.41731422071594954,0.24957273380342634,False Neutral
Not even economics. Just grade 11 math problems. I found it difficult bc the content was so dry and boring to study for. If you pretty much memorize the textbook problems youll do well. This course was very dry however. Take actual econ courses if youre interested.,General Feedback,Not even economics. Just grade 11 math problems. I found it difficult bc the content was so dry and boring to study for. If you pretty much memorize the textbook problems youll do well. This course was very dry however. Take actual econ courses if youre interested.,Negative,Neutral,0.017644605339711898,0.8538817594996168,0.1284736351606713,False Neutral
"Fairly boring. The prof explained things clearly but it just wasn't interesting and the explanations often seemed a bit long winded. It can be difficult to focus enough to catch the word of the day that you need for participation marks. The excel stuff was useful, but I don't think anyone actually owns mathcad.",General Feedback,"Fairly boring. The prof explained things clearly but it just wasn't interesting and the explanations often seemed a bit long winded. It can be difficult to focus enough to catch the word of the day that you need for participation marks. The excel stuff was useful, but I don't think anyone actually owns mathcad.",Negative,Neutral,0.03429875100988919,0.5421218041898243,0.42357944480028653,False Neutral
"I really liked this course! There is quite a bit of bio in the course and a lot of memorization, but the textbook makes sense of it all and is easy to read.",General Feedback,"I really liked this course! There is quite a bit of bio in the course and a lot of memorization, but the textbook makes sense of it all and is easy to read.",Positive,Neutral,0.18247247527721694,0.7447560271492223,0.07277149757356068,False Neutral
It's super easy and there aren't that many assignments. The readings are pretty pointless which is annoying because we had to buy them. Otherwise it tells you a lot about the different business sectors which is good to be informed about.,General Feedback,It's super easy and there aren't that many assignments. The readings are pretty pointless which is annoying because we had to buy them. Otherwise it tells you a lot about the different business sectors which is good to be informed about.,Positive,Neutral,0.1756577395896264,0.7471103048918071,0.07723195551856663,False Neutral
"Personally I thought the course was really easy-- at first. But don't let yourself slack off, because otherwise you will find yourself easily confused and lost as you fall further behind. Material gets harder as course moves along. Course material is still very relevant in other courses and in the future.",General Feedback,"Personally I thought the course was really easy-- at first. But don't let yourself slack off, because otherwise you will find yourself easily confused and lost as you fall further behind. Material gets harder as course moves along. Course material is still very relevant in other courses and in the future.",Neutral,Negative,0.0771072737497389,0.16083173896303515,0.7620609872872258,False Positive/Negative Neutral
"Less structure than a lecture, more like a seminar but great!",General Feedback,"Less structure than a lecture, more like a seminar but great!",Positive,Neutral,0.05871376836626471,0.914132027569898,0.027154204063837215,False Neutral
"Not as hard as people say it is. Overall somewhat complex, but definitely manageable especially if you enjoy the content",General Feedback,"Not as hard as people say it is. Overall somewhat complex, but definitely manageable especially if you enjoy the content",Positive,Neutral,0.10746474608961509,0.8868561575415491,0.005679096368835624,False Neutral
"Good: Attendance NOT mandatory, easy + blended class, approachable. Bad: SLOW GRADER, limited and unclear feedback, does not check email, inflexible with argument topics, teaches nothing in class, completely useless! My grade would be better if he provided timely feedback. We were on our 7th assignment when he graded the 3rd! Grade Approx: B-",General Feedback,"Good: Attendance NOT mandatory, easy + blended class, approachable. Bad: SLOW GRADER, limited and unclear feedback, does not check email, inflexible with argument topics, teaches nothing in class, completely useless! My grade would be better if he provided timely feedback. We were on our 7th assignment when he graded the 3rd! Grade Approx: B-",Neutral,Negative,0.04592656357691435,0.05521129885585092,0.8988621375672347,False Positive/Negative Neutral
"Took this one over j-term. Not that I know what a full semester of this class is like, but I was very happy it was only 3 weeks long. The plan is a pain, but the exams were fair. Pretty easy to succeed if you put some effort in... and at least she tries to keep things light in the classroom- not a total bore.",General Feedback,"Took this one over j-term. Not that I know what a full semester of this class is like, but I was very happy it was only 3 weeks long. The plan is a pain, but the exams were fair. Pretty easy to succeed if you put some effort in... and at least she tries to keep things light in the classroom- not a total bore.",Positive,Neutral,0.252651683861148,0.5479085385086199,0.19943977763023218,False Neutral
I had a lot of experience with the material before class so it seemed simple to me. A lot depends on how good of a TA you have. Mine seemed to really love himself& made people feel stupid for asking questions.,General Feedback,I had a lot of experience with the material before class so it seemed simple to me. A lot depends on how good of a TA you have. Mine seemed to really love himself& made people feel stupid for asking questions.,Negative,Neutral,0.3408035714914864,0.49179420853473493,0.16740221997377874,False Neutral
It was an interesting course and the philosophical along with the mathematical approach to game theory was nice to consider.,General Feedback,It was an interesting course and the philosophical along with the mathematical approach to game theory was nice to consider.,Positive,Neutral,0.23245658108084066,0.7472647951186928,0.02027862380046665,False Neutral
It's the start of the term and I have already hated this course,General Feedback,It's the start of the term and I have already hated this course,Negative,Neutral,0.06176521169746794,0.70021801847401,0.238016769828522,False Neutral
Good Teacher. Cares!... and that's not very common these days.,General Feedback,Good Teacher. Cares!... and that's not very common these days.,Positive,Neutral,0.36631413975774624,0.3954885700004186,0.23819729024183525,False Neutral
kill me,General Feedback,kill me,Negative,Neutral,0.3061791095467565,0.39647684012825396,0.2973440503249894,False Neutral
"I’ve enjoyed my time at Exeter. Excellent facilities and responsive careers service. Lots of variety in societies and good internet across campus. COVID put a dampener on the societies, but that’s not the unis fault. I have never really interacted with the union but I hear they are ok.",General Feedback,"I’ve enjoyed my time at Exeter. Excellent facilities and responsive careers service. Lots of variety in societies and good internet across campus. COVID put a dampener on the societies, but that’s not the unis fault. I have never really interacted with the union but I hear they are ok.",Positive,Neutral,0.20745241352979443,0.7753982390687045,0.017149347401501,False Neutral
"The course taught the theory, but the exams focused mainly on examples. It was a pretty easy course, starting with fixed income and bonds, then going to equities and finally options. You learn about the CAPM model, bond duration, and the binomial pricing model for options. Overall, it's an interesting course and something I would recommend if you're interested in capital markets.",General Feedback,"The course taught the theory, but the exams focused mainly on examples. It was a pretty easy course, starting with fixed income and bonds, then going to equities and finally options. You learn about the CAPM model, bond duration, and the binomial pricing model for options. Overall, it's an interesting course and something I would recommend if you're interested in capital markets.",Positive,Neutral,0.39844635687557245,0.582049687245949,0.019503955878478484,False Neutral
"Marketing Majors beware, you will learn the bare minimal from Maggie about marketing but will gain tons of knowledge about her home / family life ... joy. She takes attendance for a class that, when taught by her, does not require attendance to understand what is going on. Takes forever to grade, can be moody, and seems to enjoy to argue with you.",General Feedback,"Marketing Majors beware, you will learn the bare minimal from Maggie about marketing but will gain tons of knowledge about her home / family life ... joy. She takes attendance for a class that, when taught by her, does not require attendance to understand what is going on. Takes forever to grade, can be moody, and seems to enjoy to argue with you.",Negative,Neutral,0.20818402616605663,0.5464928739489612,0.24532309988498227,False Neutral
"Good class in all, only thing that was not cool is she sprung a group assignment and oral presentation that was not in the syllabus. But it was pretty easy to get a good grade. Super nice prof!",General Feedback,"Good class in all, only thing that was not cool is she sprung a group assignment and oral presentation that was not in the syllabus. But it was pretty easy to get a good grade. Super nice prof!",Positive,Neutral,0.2671637227921742,0.5944062427367011,0.1384300344711246,False Neutral
"Free 90 +, helpful to organize thoughts and plans for FYDP Because of Covid-19, there wasn't too much to do for this course, but happy to have had some sort of deliverables regardless to plan for 4B",General Feedback,"Free 90 +, helpful to organize thoughts and plans for FYDP Because of Covid-19, there wasn't too much to do for this course, but happy to have had some sort of deliverables regardless to plan for 4B",Positive,Neutral,0.2648236671835574,0.5860891974063511,0.14908713541009164,False Neutral
"This class is called SMALL GROUP COMMUNICATION, there is a great deal of group work, but thats what the class is about so its to be expected. She gives really great feedback on assignments and she tries to foster a very discussion based environment.",General Feedback,"This class is called SMALL GROUP COMMUNICATION, there is a great deal of group work, but thats what the class is about so its to be expected. She gives really great feedback on assignments and she tries to foster a very discussion based environment.",Positive,Neutral,0.2590272227146402,0.7182496853334095,0.022723091951950273,False Neutral
"Great teacher but hard on assignments. No nonsense. He does not like people coming in late, using their phone in class, or chatting.",General Feedback,"Great teacher but hard on assignments. No nonsense. He does not like people coming in late, using their phone in class, or chatting.",Neutral,Negative,0.08189476669562012,0.22378625072471245,0.6943189825796674,False Positive/Negative Neutral
"strong knowledge in physics is required to do well! Lab is very hands on however, the lab report requires alot of time and effort to do well!",General Feedback,"strong knowledge in physics is required to do well! Lab is very hands on however, the lab report requires alot of time and effort to do well!",Negative,Neutral,0.029494800822678004,0.9398310076131078,0.030674191564214234,False Neutral
Interesting course to work all the way up from boolean gates to a basic CPU and everything in between.,General Feedback,Interesting course to work all the way up from boolean gates to a basic CPU and everything in between.,Positive,Neutral,0.46634566192743,0.4988185014180199,0.03483583665455008,False Neutral
"As previous people have stated, she talks a great deal and often does so in circles. Papers say we will cover certain topics listed in class and we almost never do. Lots of reading and YOU MUST BE THERE. Grading is heavily based on attendance and papers pack a punch. Do not recommend due to issues with clarity.",General Feedback,"As previous people have stated, she talks a great deal and often does so in circles. Papers say we will cover certain topics listed in class and we almost never do. Lots of reading and YOU MUST BE THERE. Grading is heavily based on attendance and papers pack a punch. Do not recommend due to issues with clarity.",Negative,Neutral,0.03262085989316547,0.5242753240865671,0.44310381602026744,False Neutral
"Not as bird as you might think, assignments were marked fairly hard.",General Feedback,"Not as bird as you might think, assignments were marked fairly hard.",Negative,Neutral,0.07643482438009808,0.5500533076226145,0.3735118679972873,False Neutral
If you like Korean culture or you are a k-pop fan. You will find it is sooo easy~ but still have to spend time to memorize !!! Prof . Kim is a wonderful teacher. 85 % philosopher + 15 % Korean teacher ~,General Feedback,If you like Korean culture or you are a k-pop fan. You will find it is sooo easy~ but still have to spend time to memorize !!! Prof . Kim is a wonderful teacher. 85 % philosopher + 15 % Korean teacher ~,Positive,Neutral,0.23539173650945452,0.6999325178702659,0.06467574562027961,False Neutral
"loved her, lots nof work in her class but she was very helpful.",General Feedback,"loved her, lots nof work in her class but she was very helpful.",Neutral,Positive,0.8984498735774347,0.06718131006321171,0.0343688163593537,False Positive/Negative Neutral
"Very theory-based content and although they do apply some of it to science in some questions, I don't really see the need for us to take this course. 32 % of the class failed the midterm and they didn't curve. Exam was easier to make up for this.",General Feedback,"Very theory-based content and although they do apply some of it to science in some questions, I don't really see the need for us to take this course. 32 % of the class failed the midterm and they didn't curve. Exam was easier to make up for this.",Negative,Neutral,0.08599176238220375,0.7538145660739771,0.16019367154381894,False Neutral
"don't expect to do well in this class, even though it's a joke",General Feedback,"don't expect to do well in this class, even though it's a joke",Negative,Neutral,0.02141915896828205,0.8937466299569644,0.08483421107475352,False Neutral
Linear algebra is too abstract to approach,General Feedback,Linear algebra is too abstract to approach,Negative,Neutral,0.15052257080032685,0.7071320567924291,0.142345372407244,False Neutral
"Good teacher. Fast paced, definitely not boring. Expects a lot of participation, mandatory attendance. Tests are easy if you've actually been following along. Good spanish 2 prof",General Feedback,"Good teacher. Fast paced, definitely not boring. Expects a lot of participation, mandatory attendance. Tests are easy if you've actually been following along. Good spanish 2 prof",Positive,Neutral,0.3638313712039663,0.5164766948329718,0.11969193396306199,False Neutral
"Really interesting course, had a good balance of in-class and textbook content. Marks were made up of a 40% group mediated speech and essay assignment, 10% group project, two 15% tests and a 20% essay. Not a difficult course.",General Feedback,"Really interesting course, had a good balance of in-class and textbook content. Marks were made up of a 40% group mediated speech and essay assignment, 10% group project, two 15% tests and a 20% essay. Not a difficult course.",Positive,Neutral,0.36460438701606895,0.42966661834844283,0.20572899463548813,False Neutral
The content COULD be interesting if it wasn't taught so dully. Useful for MODS.,General Feedback,The content COULD be interesting if it wasn't taught so dully. Useful for MODS.,Neutral,Negative,0.17734317769431177,0.3865904706576098,0.43606635164807844,False Positive/Negative Neutral
"Had Prof. Leanne Hagarty during the term where everyone got sent home for COVID-19. Lecture content is more interesting than 111, I feel like Hagarty is a better lecturer than Sofy and 111. Lab blocks absolutely killed it for me. I didn't like the TA and group work kind of sucked because of that. Midterm and quizzes are the same type as 111, assignments are of the same structure as well. Course is extremely TA dependent, you could have a blast if you have a good lab.",General Feedback,"Had Prof. Leanne Hagarty during the term where everyone got sent home for COVID-19. Lecture content is more interesting than 111, I feel like Hagarty is a better lecturer than Sofy and 111. Lab blocks absolutely killed it for me. I didn't like the TA and group work kind of sucked because of that. Midterm and quizzes are the same type as 111, assignments are of the same structure as well. Course is extremely TA dependent, you could have a blast if you have a good lab.",Neutral,Negative,0.12062173693972156,0.3728238455428264,0.506554417517452,False Positive/Negative Neutral
"Content was not that interesting. You had to write a fair bit as well, and that involves primary source research and citations. Overall I would have expected a bird course like this to be more chill. The readings were annoying to do as well. There were online quizzes for the content modules, and sometimes it wasn't clear where the answers were coming from. I ended up CTRL+ F most of the questions in the modules and reading material just to figure out the answer.",General Feedback,"Content was not that interesting. You had to write a fair bit as well, and that involves primary source research and citations. Overall I would have expected a bird course like this to be more chill. The readings were annoying to do as well. There were online quizzes for the content modules, and sometimes it wasn't clear where the answers were coming from. I ended up CTRL+ F most of the questions in the modules and reading material just to figure out the answer.",Negative,Neutral,0.07335166325558756,0.7834354004495565,0.1432129362948558,False Neutral
"Life changing experience. Lots of inspirations and motivates you to become better. Do the work , get the credit. Don't be lazy in Mike's class. Don't expect an A if you don't want to shoot, simple as that.",General Feedback,"Life changing experience. Lots of inspirations and motivates you to become better. Do the work , get the credit. Don't be lazy in Mike's class. Don't expect an A if you don't want to shoot, simple as that.",Positive,Neutral,0.2269490266380604,0.5932402605170934,0.17981071284484607,False Neutral
Was an important course.. can be dry at times but the prof did a good job in cracking jokes once in a while. Easy if you took data management in high school. The assignments were challengings but the midterm and final( both MCQ) were straightforward Would recommend taking it.,General Feedback,Was an important course.. can be dry at times but the prof did a good job in cracking jokes once in a while. Easy if you took data management in high school. The assignments were challengings but the midterm and final( both MCQ) were straightforward Would recommend taking it.,Positive,Neutral,0.22510421714344941,0.7164337147156065,0.05846206814094411,False Neutral
"Pollock is tough. Just because he is not a cakewalk like most general education classes are doesn't mean he is a bad teacher. Ya you read a lot, but its good for you in the long run. If you read and just try your hardest you will be fine. Also, he cares very much about his students. To this day I haven't seen a prof like that besides him",General Feedback,"Pollock is tough. Just because he is not a cakewalk like most general education classes are doesn't mean he is a bad teacher. Ya you read a lot, but its good for you in the long run. If you read and just try your hardest you will be fine. Also, he cares very much about his students. To this day I haven't seen a prof like that besides him",Positive,Neutral,0.28388864831667954,0.5575547672282409,0.15855658445507942,False Neutral
its an awful lot of hearing a guy talk for 40 minutes at a time with more pauses than actual content.,General Feedback,its an awful lot of hearing a guy talk for 40 minutes at a time with more pauses than actual content.,Negative,Neutral,0.05683149923057805,0.5992922702815585,0.3438762304878633,False Neutral
SEXY,General Feedback,SEXY,Positive,Neutral,0.13970069110295577,0.7720384770010152,0.08826083189602892,False Neutral
"Currently taking this course online and all we get are handouts. You basically just read the handout and answer the discussion question at the end of the handout. On top of that there are also some textbook readings. Kinda boring and dry. Also had to do some extra research about topics since the handouts are difficult to understand( at least for me). There are also 3 tests in total which are very heavy weighted, making them count for 85% of your grade( first test-30%/ second test-30%/ third test-25%). They consist of short answer, long answer and/ or essay questions. The rest of the 15% is from your discussions. Would not recommend if you're not that into philosophy.",General Feedback,"Currently taking this course online and all we get are handouts. You basically just read the handout and answer the discussion question at the end of the handout. On top of that there are also some textbook readings. Kinda boring and dry. Also had to do some extra research about topics since the handouts are difficult to understand( at least for me). There are also 3 tests in total which are very heavy weighted, making them count for 85% of your grade( first test-30%/ second test-30%/ third test-25%). They consist of short answer, long answer and/ or essay questions. The rest of the 15% is from your discussions. Would not recommend if you're not that into philosophy.",Negative,Neutral,0.03001126624997278,0.6282493265193813,0.34173940723064583,False Neutral
"Pretty useful. Good introduction to Python after coming from Racket in CS115. Teaches fundamental concepts that you can transfer to other languages as well. Some assignments can be VERY time consuming. Overall, it's not a hard course.",General Feedback,"Pretty useful. Good introduction to Python after coming from Racket in CS115. Teaches fundamental concepts that you can transfer to other languages as well. Some assignments can be VERY time consuming. Overall, it's not a hard course.",Positive,Neutral,0.3654539327567026,0.5783389466195367,0.05620712062376067,False Neutral
"Pretty tough, I hadn't had a background in biology, so it was much harder for me, than someone who might've taken biology in high school.",General Feedback,"Pretty tough, I hadn't had a background in biology, so it was much harder for me, than someone who might've taken biology in high school.",Negative,Neutral,0.09586927031080211,0.5887715214023685,0.31535920828682934,False Neutral
Havent really been on campus just had online teaching which has not been the greatest,General Feedback,Havent really been on campus just had online teaching which has not been the greatest,Negative,Neutral,0.04547622760324136,0.7030561202497363,0.2514676521470224,False Neutral
Very easy to get a good grade as long as you do the work. not super time-consuming.,General Feedback,Very easy to get a good grade as long as you do the work. not super time-consuming.,Positive,Neutral,0.27608917423111823,0.6415511223319842,0.08235970343689755,False Neutral
"This course was really easy! We had 6 quizzes, a midterm, and a final. I took it because it was required for a minor, but I really enjoyed the course.",General Feedback,"This course was really easy! We had 6 quizzes, a midterm, and a final. I took it because it was required for a minor, but I really enjoyed the course.",Positive,Neutral,0.35010250803872944,0.5984530026274256,0.05144448933384499,False Neutral
"Took this is a TE in 4A as a BME student. I'd say it's useful because I've seen some of these things in co-op terms when working for a company building an embedded device. Overall, I thought it was interesting. It's not an easy course but it's easy to get a decent mark with a moderate amount of studying. There's a lot of previous midterms and finals available so you'll know almost exactly how you'll be tested on the material, making it easy to study for.",General Feedback,"Took this is a TE in 4A as a BME student. I'd say it's useful because I've seen some of these things in co-op terms when working for a company building an embedded device. Overall, I thought it was interesting. It's not an easy course but it's easy to get a decent mark with a moderate amount of studying. There's a lot of previous midterms and finals available so you'll know almost exactly how you'll be tested on the material, making it easy to study for.",Positive,Neutral,0.26370998355683717,0.7082628312412518,0.028027185201910935,False Neutral
"He is one who loves math and is crazy about it , but in a good way. He is not just another prof doing a job he actually enjoys math.",General Feedback,"He is one who loves math and is crazy about it , but in a good way. He is not just another prof doing a job he actually enjoys math.",Positive,Neutral,0.37339880141421816,0.5838206700244256,0.04278052856135614,False Neutral
Mark heavily dependent on TA preference. Group members are a pain to work with.,General Feedback,Mark heavily dependent on TA preference. Group members are a pain to work with.,Negative,Neutral,0.012631920259379594,0.62447557147194,0.3628925082686804,False Neutral
"Great course on( single-input single-output) feedback control systems, with a heavy focus on pole placement and design and analysis in the frequency domain. A good understanding of the prereq can get you pretty far into the first third or so of the course but there's a pretty large amount of material to learn afterward. Keeping up with the weekly problem sets and quizzes is highly recommended. Exam questions are often recycled from past stuff with a few numbers changed, so having a good understanding of the course week-by-week is extremely beneficial over catching up last minute. The tutorials and lectures are also helpful. Course notes are well-written and good for any details you missed or extra exercises you might want.",General Feedback,"Great course on( single-input single-output) feedback control systems, with a heavy focus on pole placement and design and analysis in the frequency domain. A good understanding of the prereq can get you pretty far into the first third or so of the course but there's a pretty large amount of material to learn afterward. Keeping up with the weekly problem sets and quizzes is highly recommended. Exam questions are often recycled from past stuff with a few numbers changed, so having a good understanding of the course week-by-week is extremely beneficial over catching up last minute. The tutorials and lectures are also helpful. Course notes are well-written and good for any details you missed or extra exercises you might want.",Positive,Neutral,0.40984476466884456,0.525216037087312,0.06493919824384337,False Neutral
Fun course; learned about different encryption schemes and the math behind them. Our prof spent a large chunk of the course on a sample application field: Blockchain.,General Feedback,Fun course; learned about different encryption schemes and the math behind them. Our prof spent a large chunk of the course on a sample application field: Blockchain.,Positive,Neutral,0.40015952486809653,0.5127423214992319,0.08709815363267163,False Neutral
everything is up to par as you'd expect for a Russell group university.,General Feedback,everything is up to par as you'd expect for a Russell group university.,Positive,Neutral,0.10848425296089996,0.837291549695886,0.05422419734321402,False Neutral
Not recommended,General Feedback,Not recommended,Negative,Neutral,0.04826682169139111,0.7534605999648581,0.19827257834375084,False Neutral
"Online course delivery was similar to Math137/8- slow, online Mobius videos. For the most part, the videos covered everything you need but for some weeks the videos were scuffed in that they assumed you had knowledge that you didn't have yet- in these cases, I'd recommend taking a look in the textbook. Greg Rice's in-person , weekly tutorials were godly- they covered the whole week's content+ good examples+ some hints about what to expect on the exams. Overall, the course was pretty light imo though I know some people struggled with the timing on exams( not enough time to finish), so make sure you practice that when prepping for exams. My biggest piece of advice( for online delivery) would be to get used to using R commands for calculating distributions- they make your life a lot easier & save time on exams.",General Feedback,"Online course delivery was similar to Math137/8- slow, online Mobius videos. For the most part, the videos covered everything you need but for some weeks the videos were scuffed in that they assumed you had knowledge that you didn't have yet- in these cases, I'd recommend taking a look in the textbook. Greg Rice's in-person , weekly tutorials were godly- they covered the whole week's content+ good examples+ some hints about what to expect on the exams. Overall, the course was pretty light imo though I know some people struggled with the timing on exams( not enough time to finish), so make sure you practice that when prepping for exams. My biggest piece of advice( for online delivery) would be to get used to using R commands for calculating distributions- they make your life a lot easier & save time on exams.",Positive,Neutral,0.09344944872792513,0.7520401670361572,0.1545103842359176,False Neutral
"Excellent facilities, good communication. ELE and iExeter could be improved",General Feedback,"Excellent facilities, good communication. ELE and iExeter could be improved",Neutral,Positive,0.9190238983179425,0.0694373493582205,0.011538752323836898,False Positive/Negative Neutral
"I hated that the lectures were asynchronous. The prof who teaches the lectures changes so the quality of the lectures vary. When you get a weak instructor or content is not clear, go to the WEEF TAs. Generally, it was not that bad and the tutorials were in-person which was nice. The main challange in this course was balancing it with all the other courses and finding time to study and learn the content.",General Feedback,"I hated that the lectures were asynchronous. The prof who teaches the lectures changes so the quality of the lectures vary. When you get a weak instructor or content is not clear, go to the WEEF TAs. Generally, it was not that bad and the tutorials were in-person which was nice. The main challange in this course was balancing it with all the other courses and finding time to study and learn the content.",Negative,Neutral,0.11182567787076075,0.6159846221880958,0.2721896999411435,False Neutral
She is pretty cool. Journal entries for pretty much every chapter. she really knows her stuff though. learned alot. make sure you do the reading. attendance is somewhat mandatory but for the most part she doesn't care. i'd take her if you have a chance,General Feedback,She is pretty cool. Journal entries for pretty much every chapter. she really knows her stuff though. learned alot. make sure you do the reading. attendance is somewhat mandatory but for the most part she doesn't care. i'd take her if you have a chance,Positive,Neutral,0.0886680678295689,0.8993216987856836,0.012010233384747498,False Neutral
Peter Balka is awful and unorganized. Course notes are okay to study from,General Feedback,Peter Balka is awful and unorganized. Course notes are okay to study from,Negative,Neutral,0.03212981268423183,0.5271387746096757,0.44073141270609245,False Neutral
Course hard as heck but cool as heck too so its chill.,General Feedback,Course hard as heck but cool as heck too so its chill.,Positive,Neutral,0.3131010836639988,0.5394371136851625,0.14746180265083866,False Neutral
"Oh prof Ajie... he's not the most prepared( looks in the book 5 mins before class, just does examples) or the most clear( thick accent from Nigeria), but he just wants to see you try. I guarantee, go to office hours , do the labs , get a tutor , and he'll look the other way and give you a good grade. I had a 86 average, but still got an A. Nice!",General Feedback,"Oh prof Ajie... he's not the most prepared( looks in the book 5 mins before class, just does examples) or the most clear( thick accent from Nigeria), but he just wants to see you try. I guarantee, go to office hours , do the labs , get a tutor , and he'll look the other way and give you a good grade. I had a 86 average, but still got an A. Nice!",Positive,Neutral,0.08808367300478176,0.869111064256502,0.04280526273871618,False Neutral
"Took this course, offered only online, and it was a nice break compared to other demanding math courses. the whole course is memorizing the textbook and extra video lessons provided online by the prof were essentially useless as they didn't cover 75 % of what was in the textbook / in the quizzes and tests. Not a demanding course through and fairly easy to do good in as long as you're writing notes every week, just a lot of memorization. the content of this course probably isn't interesting to most people as it just covers 10 different variations of life insurance and what they are used for, but I enjoyed the content nonetheless.",General Feedback,"Took this course, offered only online, and it was a nice break compared to other demanding math courses. the whole course is memorizing the textbook and extra video lessons provided online by the prof were essentially useless as they didn't cover 75 % of what was in the textbook / in the quizzes and tests. Not a demanding course through and fairly easy to do good in as long as you're writing notes every week, just a lot of memorization. the content of this course probably isn't interesting to most people as it just covers 10 different variations of life insurance and what they are used for, but I enjoyed the content nonetheless.",Neutral,Negative,0.09460106124564747,0.3872322515020826,0.5181666872522698,False Positive/Negative Neutral
his tests are hard. only 3 students were passing in his class. so he said 80 is an A. otherwise we would be dead!!!,General Feedback,his tests are hard. only 3 students were passing in his class. so he said 80 is an A. otherwise we would be dead!!!,Negative,Neutral,0.04667196261377888,0.49369929696614445,0.45962874042007656,False Neutral
"A good introductory course to performing text, specifically monologues, as an individual. An engaging and interesting range of texts to study were chosen, focusing on developing characters most of the students in the class had little experience with. Nice class size, although we were working individually we got many chances to engage with our peers and classmates for feedback. The assignments are fairly weighted( 10-20% for each performance or assignment), lightening the course load a lot compared to other courses that have fewer assessments weighted much heavier. Just come prepared to workshops( it's a matter of memorising your texts/ doing some independent rehearsal times) and you'll do well in this course.",General Feedback,"A good introductory course to performing text, specifically monologues, as an individual. An engaging and interesting range of texts to study were chosen, focusing on developing characters most of the students in the class had little experience with. Nice class size, although we were working individually we got many chances to engage with our peers and classmates for feedback. The assignments are fairly weighted( 10-20% for each performance or assignment), lightening the course load a lot compared to other courses that have fewer assessments weighted much heavier. Just come prepared to workshops( it's a matter of memorising your texts/ doing some independent rehearsal times) and you'll do well in this course.",Positive,Neutral,0.40987542308682756,0.5584589930304217,0.03166558388275081,False Neutral
I would say it is as easy or hard as you make it! If you really want to learn this awesome techniques and concepts you need to psu hyourself,General Feedback,I would say it is as easy or hard as you make it! If you really want to learn this awesome techniques and concepts you need to psu hyourself,Neutral,Positive,0.6365752009054848,0.343413036201279,0.0200117628932363,False Positive/Negative Neutral
